path,label,generador,locutor,split_origen,texto,duracion_s
data\synthetic\audio_cache\real_1_hours\1_hours_0000.wav,0,humano,8881,1_hours,estcá uno dispuesto para la marcha dijo pello he concluido las despedidas qué te han dicho nada mi tío lo ha sentido su familia y él me tenían afecto,8.0
data\synthetic\audio_cache\real_1_hours\1_hours_0001.wav,0,humano,8881,1_hours,este dómine sabía algo de latín y de gramática pero no nos enseñaba nada lo único que hacía era espiarnos y luego denunciarnos a nuestras familias,8.0
data\synthetic\audio_cache\real_1_hours\1_hours_0002.wav,0,humano,11694,1_hours,broncas nubes de limpiabotas de vendedoras de décimos de la lotería de gitanas que dicen la buenaventura de músicos ambulantes de ciegos de cojos de paralíticos indudablemente españa no ha cambiado y es posible que nosotros mismos no hayamos cambiado tampoco,8.0
data\synthetic\audio_cache\real_1_hours\1_hours_0003.wav,0,humano,10982,1_hours,cuando en mi hombro rendido posas con dulce paz tu blanda mano parece que me elevas por encima del hado el implacable siento tu pulso en mí cuando tu mano sobre mi hombro descansa siento tu corazón y de rechazo siento mi corazón,8.0
data\synthetic\audio_cache\real_1_hours\1_hours_0004.wav,0,humano,407,1_hours,no sé esas filosofías respondió sancho panza mas sólo sé que tan presto tuviese yo el condado como sabría regirle que tanta alma tengo yo como otro y tanto cuerpo como el que más,8.0
data\synthetic\audio_cache\real_1_hours\1_hours_0005.wav,0,humano,407,1_hours,don quijote le preguntó cómo se llamaba porque él supiese de allí adelante a quién quedaba obligado por la merced recebida porque pensaba darle alguna parte de la honra que alcanzase por el valor de su brazo,8.0
data\synthetic\audio_cache\real_1_hours\1_hours_0006.wav,0,humano,8304,1_hours,gratuita la que nos hace ese señor qué se ha figurado añadió con voz ya alterada y los labios temblantes quién es él para darse ese tono nébel sintió entonces el fustazo,8.0
data\synthetic\audio_cache\real_1_hours\1_hours_0007.wav,0,humano,11694,1_hours,porque españa no es un país cálido nada más que durante unos cuantos meses al año y porque desde que se han inventado los ventiladores eléctricos y la calefacción central no hay países cálidos ni países fríos el clima no existe ya como una determinante del carácter de los hombres,8.0
data\synthetic\audio_cache\real_1_hours\1_hours_0008.wav,0,humano,12332,1_hours,es la rueda día noche estío invierno la rueda vida muerte,8.0
data\synthetic\audio_cache\real_1_hours\1_hours_0009.wav,0,humano,6156,1_hours,ver a sus hijos le daba fuerzas para trabajar más toda la semana tenía tres el pequeño era así no levantaba dos palmos del suelo y sin embargo le reconocía y al verle entrar tendíale los brazos al cuello,8.0
data\synthetic\audio_cache\real_1_hours\1_hours_0010.wav,0,humano,11553,1_hours,perfectamente tontos se creen atacados de genialidad xviii una tempestad en una taza de te un distinguido escritor decía yo en el sol se queja de que los españoles hayamos adoptado la costumbre inglesa de ponerle una,8.0
data\synthetic\audio_cache\real_1_hours\1_hours_0011.wav,0,humano,407,1_hours,don quijote le replicó que por su amor le hiciese merced que de allí adelante se pusiese don y se llamase doña tolosa ella se lo prometió y la otra le calzó la espuela con la cual le pasó casi el mismo coloquio que con la de la espada,8.0
data\synthetic\audio_cache\real_1_hours\1_hours_0012.wav,0,humano,12428,1_hours,ljls stforiis se alejaron lentamente porque clenrticu ii tsabel vacilaban llegaron por fin i in puerta y subieron con pena a su carruaje que pario cn rapidez,8.0
data\synthetic\audio_cache\real_1_hours\1_hours_0013.wav,0,humano,12428,1_hours,y que habia querido batirse al dia sguiente y como la venganza que dcseaba no habia podido realizarse habia acabado por envilecerse el aima de fernando hasta el grado de hacerle cometer una accin infme y espantosa,8.0
data\synthetic\audio_cache\real_1_hours\1_hours_0014.wav,0,humano,1447,1_hours,la américa entera estaba como despertando un hombre solo no vale nunca más que un pueblo entero pero hay hombres que no se cansan cuando su pueblo se cansa y que se deciden a la guerra antes que los pueblos,8.0
data\synthetic\audio_cache\real_1_hours\1_hours_0015.wav,0,humano,8304,1_hours,el zaguán oscuro después de largo rato la sirvienta entreabrió la vidriera no están las señoras han salido preguntó extrañado no se,8.0
data\synthetic\audio_cache\real_1_hours\1_hours_0016.wav,0,humano,6615,1_hours,todo el mundo pica un poeta bilbaíno que me quiso leer unos versos el otro día tuvo que buscar el manuscrito entre unas cuantas navieras que llevaba en la cartera,8.0
data\synthetic\audio_cache\real_1_hours\1_hours_0017.wav,0,humano,6156,1_hours,sin un mal timbre para avisar a los que dormían al otro lado de los tabiques de madera aquel hombre era seguramente un ladrón el instinto de defensa o más bien el miedo me dio cierta ferocidad me arrojé sobre el desconocido empujándolo con codos y rodillas,8.0
data\synthetic\audio_cache\real_1_hours\1_hours_0018.wav,0,humano,101,1_hours,el cual siguió su primer intento que fue el irse camino de su caballeriza y habiendo andado como dos millas descubrió don quijote un grande tropel de gente que como después se supo,8.0
data\synthetic\audio_cache\real_1_hours\1_hours_0019.wav,0,humano,8304,1_hours,los chismes actuales que hinchaban su vanidad nébel evocaba a la madre y con un extremecimiento de muchacho loco por las mujeres casadas recordaba cierta noche en que hojeando juntos,8.0
data\synthetic\audio_cache\real_1_hours\1_hours_0020.wav,0,humano,11228,1_hours,ya estás ahí puntual como el lucero de la mañana quien sabe si algún día verás mi ocaso puntual como el lucero de la mañana,8.0
data\synthetic\audio_cache\real_1_hours\1_hours_0021.wav,0,humano,5047,1_hours,parió aquella bohemia de blanco y sedoso pelaje y obligada a fijar domicilio para tranquilidad de su prole escogió el patio del ogro burlándose tal vez del terrible personaje,8.0
data\synthetic\audio_cache\real_1_hours\1_hours_0022.wav,0,humano,8881,1_hours,cruzamos el río llegamos a una casa que estaba entre la calle de bourgneuf y la de jacques lafitte y entramos en la logia la ceremonia de ingreso en la masonería no tavo nada de particular,8.0
data\synthetic\audio_cache\real_1_hours\1_hours_0023.wav,0,humano,12332,1_hours,más bien su sueño sosegado hosanas al futuro cuando al ponerse el sol te enlute el cielo con sangriento,8.0
data\synthetic\audio_cache\real_1_hours\1_hours_0024.wav,0,humano,1447,1_hours,electoral hablábanle del asunto y asegurando que él y su fiel alguacil el sigró se bastaban para acabar con aquella calamidad a pesar de esto snto no pensaba acudir al alcalde para qué no quería oír en balde baladronadas y mentiras,8.0
data\synthetic\audio_cache\real_1_hours\1_hours_0025.wav,0,humano,13690,1_hours,de los varios ruidos que se producían en la sala del incesante golpear de la puerta y del murmullo de las conversaciones había percibido distintamente todas las palabras,8.0
data\synthetic\audio_cache\real_1_hours\1_hours_0026.wav,0,humano,6615,1_hours,dándole así la razón a los que desde hace medio siglo vienen anunciando esta transformación tan rápida todo está igual y yo que creía haberme modificado yo me encuentro también el mismo de antes,8.0
data\synthetic\audio_cache\real_1_hours\1_hours_0027.wav,0,humano,11228,1_hours,es ángela tu ángel mi creencia mira la fundo en como se distrae cual si al oido con disimulo mi ángel le goteara unos requiebros puestos en punto,8.0
data\synthetic\audio_cache\real_1_hours\1_hours_0028.wav,0,humano,10982,1_hours,ni yo me ofendo contestó el otro siguió á esto un corto silencie que el forastero rompió de nuevo paréceme que os he visto otra vez dijo vesmais entonces otro traje no he hecho mas que pasar por vuestro lado en la calle pero creo reconoceros no habeis sido en otro tiempo pertiguero de esta parroquia,8.0
data\synthetic\audio_cache\real_1_hours\1_hours_0029.wav,0,humano,8881,1_hours,varias veces al citar a lazcano vi a etchepare hacer un gesto de molestia como este gesto se repetía tuve curiosidad de saber qué relación había habido entre los dos y un día se lo pregunté francamente,8.0
data\synthetic\audio_cache\real_1_hours\1_hours_0030.wav,0,humano,12921,1_hours,es la palabra vida mia en politica estos cambios no sou nuevos y el rencor de los partidos los bautiza con nombres pspantosos,8.0
data\synthetic\audio_cache\real_1_hours\1_hours_0031.wav,0,humano,11553,1_hours,v rousseau y anatole france actualmente sólo funciona un teatro en san sebastián no hay espectáculos no hay,8.0
data\synthetic\audio_cache\real_1_hours\1_hours_0032.wav,0,humano,13690,1_hours,tales o parecidas fueron las palabras que ana creyó oír pero no bien acabó de escucharlas cuando llamó la atención suya algo que a su espalda se decía,8.0
data\synthetic\audio_cache\real_1_hours\1_hours_0033.wav,0,humano,8304,1_hours,para ella nébel era varonil buen mozo e inteligente no había en su mutuo amor más nube para el porvenir que la minoría de edad de nébel el muchacho dejando de lado estudios,8.0
data\synthetic\audio_cache\real_1_hours\1_hours_0034.wav,0,humano,2262,1_hours,donde la ropa sale exprimida entre dos cilindros de goma allí los cilindros no son de goma sino de acero y la barra de metal,8.0
data\synthetic\audio_cache\real_1_hours\1_hours_0035.wav,0,humano,5168,1_hours,de modo que ganando siempre y gastando nunca llegan y amontonan la mayor cantidad de dinero que hay en españa ellos son su hucha su polilla sus picazas y sus comadrejas,8.0
data\synthetic\audio_cache\real_1_hours\1_hours_0036.wav,0,humano,10206,1_hours,a quién tenemos que rendirnos esclamó smith al capitan y á cincuenta hombres que lleva y que os busca hace ya mas de dos horas respondió,8.0
data\synthetic\audio_cache\real_1_hours\1_hours_0037.wav,0,humano,8304,1_hours,lidia se puso lívida y mirando afuera entrecerró los ojos y se mordió los labios en un casi sollozo no hay médico aquí murmuró aquí no ni en diez leguas,8.0
data\synthetic\audio_cache\real_1_hours\1_hours_0038.wav,0,humano,12921,1_hours,y por cnfesar con vanidad que es un traidor de modo que ese infeliz fernando no era un calumniador de modo que le hemos ultrajado injustamente de modo que habr tenido un infierno en el corazn y que va a morir asesinado con nuestra crueldad,8.0
data\synthetic\audio_cache\real_1_hours\1_hours_0039.wav,0,humano,10206,1_hours,pues si por un lado cortó mi mal porotro contribuyó á debilitarme estimadamente yestuve sujeto por algun tiempo á irritaciones de nervios y convulsiones,8.0
data\synthetic\audio_cache\real_1_hours\1_hours_0040.wav,0,humano,11772,1_hours,y el mundo futuro vendrá a ser poco más o menos con respecto al mundo actual una cosa así como el ballet ruso con relación a la ópera italiana,8.0
data\synthetic\audio_cache\real_1_hours\1_hours_0041.wav,0,humano,101,1_hours,el labrador estaba admirado oyendo aquellos disparates y quitándole la visera que ya estaba hecha pedazos de los palos,8.0
data\synthetic\audio_cache\real_1_hours\1_hours_0042.wav,0,humano,1447,1_hours,le pidió a su papá dos centavos para comprar un lápiz nuevo y se le olvidó en el camino se le olvidó como si no hubiera pensado nunca,8.0
data\synthetic\audio_cache\real_1_hours\1_hours_0043.wav,0,humano,8881,1_hours,y de ella form aban parte ignacio manuel de altuna joaquín de eguía el conde de peña florida y otros enciclopedistas guipuzcoanos menos conocidos los,8.0
data\synthetic\audio_cache\real_1_hours\1_hours_0044.wav,0,humano,6156,1_hours,y buscando en otra ocasión un departamento oscuro tropezó con un viajero que sin decir palabra le asestó un garrotazo echándolo fuera del tren aquella noche sí que creyó morir y al decir esto señalaba una cicatriz que cruzaba su frente,8.0
data\synthetic\audio_cache\real_1_hours\1_hours_0045.wav,0,humano,11772,1_hours,tiene calefacción central y juicio por jurados tiene sistema parlamentario tiene gas tiene luz eléctrica tiene telégrafo y teléfono tiene leyes de accidentes del trabajo y tiene cinematógrafo,8.0
data\synthetic\audio_cache\real_1_hours\1_hours_0046.wav,0,humano,13690,1_hours,habríanse cruzado miradas hostiles empezó a hablar del concierto muy fríamente tan fríamente que recordaba al capitán wentworth de uppercross se confesó defraudado él esperaba algo mejor y por fin declaró que estaba deseando que terminase,8.0
data\synthetic\audio_cache\real_1_hours\1_hours_0047.wav,0,humano,6615,1_hours,cuando un hombre en bilbao dice que necesita vagonetas esto no significa necesariamente que ese hombre necesite vagonetas,8.0
data\synthetic\audio_cache\real_1_hours\1_hours_0048.wav,0,humano,2262,1_hours,como una hoja de papel en otra le liman y le redondean las esquinas en otra lo cincelan si ha de ir adornado o le ponen las iniciales si lo quieren con letras,8.0
data\synthetic\audio_cache\real_1_hours\1_hours_0049.wav,0,humano,11553,1_hours,lo que más le ha molestado al sr salaverría al creerse aludido por mí es el que yo le atribuya un concepto desdeñoso hacia la hache británica yo ignoro muchas cosas dice sin embargo conozco la importancia que tiene la hache para los ingleses,8.0
data\synthetic\audio_cache\real_1_hours\1_hours_0050.wav,0,humano,8881,1_hours,los dos amigos se sentaron con los pies al lado de la estufa hasta que entró madama ithurbide con el mantel y los cubiertos madama ithurbide jsalud gritó leguía permita usted que le abrace,8.0
data\synthetic\audio_cache\real_1_hours\1_hours_0051.wav,0,humano,12921,1_hours,clemencia sinti que le faltaban las fuelas enrique cont brevemente lo que acababa de pasar en la prisin refiriendo palabra por palabra lo que le habia dicho fernando el asombro de las senoias crecia cada instante enrique,8.0
data\synthetic\audio_cache\real_1_hours\1_hours_0052.wav,0,humano,11228,1_hours,siendo niños te acuerdas mi criado que no era mudo goteaba á tu niñera en los oidos el dulce jugo de palabras de amor mientras nosotros á nuestro gusto libres jugábamos á lo que luego nos llevó el mundo,8.0
data\synthetic\audio_cache\real_1_hours\1_hours_0053.wav,0,humano,10206,1_hours,el segundo viendo caer á su compañero se paró de repente como espantado dirigime rápidamente hácia él mas aproximándome vi que tenia un arco y una flecha que asestaba contra mi,8.0
data\synthetic\audio_cache\real_1_hours\1_hours_0054.wav,0,humano,2262,1_hours,y en cuanto se mueve la rueda de andar en cada máquina andan las demás ruedas la primera máquina se parece a una prensa de enjugar la ropa,8.0
data\synthetic\audio_cache\real_1_hours\1_hours_0055.wav,0,humano,101,1_hours,y diciendo esto se adelantó y se puso en la mitad del camino por donde los frailes venían y en llegando tan cerca que a él le pareció que le podrían oír lo que dijese en alta voz dijo,8.0
data\synthetic\audio_cache\real_1_hours\1_hours_0056.wav,0,humano,8304,1_hours,lidia ven un momento hay aquí una persona a quien conoces nébel había sido visto ya por ella pero no importaba lidia llegó cuando él estaba de pie avanzó,8.0
data\synthetic\audio_cache\real_1_hours\1_hours_0057.wav,0,humano,101,1_hours,que por satisfacer a la vuestra mucha bondad en este riguroso trance se halla el decir esto y el apretar la espada y el cubrirse bien de su rodela y el arremeter al vizcaíno todo fue en un tiempo,8.0
data\synthetic\audio_cache\real_1_hours\1_hours_0058.wav,0,humano,11228,1_hours,yo no lo sé pero esa su constancia es fuente de consuelo para el hombre que ve entre los que cambian algo constante prenda de eternidad y de fijeza,8.0
data\synthetic\audio_cache\real_1_hours\1_hours_0059.wav,0,humano,8886,1_hours,gradual cuando jehová hiciere tornar la cautividad de sión seremos como los que sueñan,8.0
data\synthetic\audio_cache\real_1_hours\1_hours_0060.wav,0,humano,12921,1_hours,un oficial se enviado de enrique dijo clemencia levantdndose apresuradamente llamaron d la puerta de la sala todas las senoras corrieron alla y abrieron,8.0
data\synthetic\audio_cache\real_1_hours\1_hours_0061.wav,0,humano,8881,1_hours,la expedición de mina fermín leguía estaba convencido de que podía contar con sus amigos para toda empresa liberal y como era inquieto y audaz cuando los constitucionales españoles presididos por espoz y mina,8.0
data\synthetic\audio_cache\real_1_hours\1_hours_0062.wav,0,humano,6615,1_hours,va a estrenarse dentro de quince días me dice mi amigo lo mismo exactamente lo mismo que hace siete años el camarero me llama por mi nombre hola d julio qué va usted a tomar,8.0
data\synthetic\audio_cache\real_1_hours\1_hours_0063.wav,0,humano,12428,1_hours,le han presentado comunicaciones dcl egiemigon iirigidas él ofreciéndole el empt o de gnerai y otros puestos elevados v coaionica csones tambin suyas en que daba cuenta de las op eraciones del ejér cito y prometia p asirse con sa caerp o i las filas francesas,8.0
data\synthetic\audio_cache\real_1_hours\1_hours_0064.wav,0,humano,10206,1_hours,mi barba en un principio la habia dejado crecer hasta una cuarta mas como luego encontré las navajas y tijeras la corté mucho dejándome el bigote,8.0
data\synthetic\audio_cache\real_1_hours\1_hours_0065.wav,0,humano,11772,1_hours,si los revolucionarios pudieran cambiar de planeta de vez en cuando e irse a pasar una temporada con los marcianos o con los selenitas el mundo seguramente no sufriría tantas transformaciones,8.0
data\synthetic\audio_cache\real_1_hours\1_hours_0066.wav,0,humano,12428,1_hours,habia duda alguna fernando era el infme calumniador de flores y lo que ignoraba clemencia era x cmo el odioso comandante habia urdido una y acusacin que pudo tener tan buen éxito con este pensamiento,8.0
data\synthetic\audio_cache\real_1_hours\1_hours_0067.wav,0,humano,11228,1_hours,antes que el hombre fuese ya salía el lucero puntual para la tierra que vacía y desnuda le esperaba y cuando el hombre acabe saldrá la estrella fiel por el oriente triste y constante,8.0
data\synthetic\audio_cache\real_1_hours\1_hours_0068.wav,0,humano,5168,1_hours,sino por sobra de su malicia que nunca quiso enseñarnos las cosas mayores porque las reservaba para ella tu madre hijo se llamó la montiela que después de la camacha fue famosa yo me llamo la cañizares si ya no tan sabia como las dos a lo menos de tan buenos deseos como cualquiera dellas,8.0
data\synthetic\audio_cache\real_1_hours\1_hours_0069.wav,0,humano,10206,1_hours,a despecho de mi decision pasé casi todo el resto del mes de julio en aquel valle que tanto me había seducido formé una especie de jardin que rodeé de una doble fila de estacis tan alta como pude bacerla y toda llena de maleza,8.0
data\synthetic\audio_cache\real_1_hours\1_hours_0070.wav,0,humano,8881,1_hours,después sacó un plomo y con un cortaplumas lo cortó en pedazos de estos proyectiles puso dos en la pistola y cuatro en el fusil,8.0
data\synthetic\audio_cache\real_1_hours\1_hours_0071.wav,0,humano,3553,1_hours,con esta última página está sucediendo lo que con el primer número de la edad de oro que no va a caber lo que el amigo de los niños les quería decir,8.0
data\synthetic\audio_cache\real_1_hours\1_hours_0072.wav,0,humano,407,1_hours,se tornó a admirar de nuevo cuando vio delante de sí a luscinda dorotea y a zoraida que a las nuevas de los nuevos güéspedes y a las que la ventera les había dado de la hermosura de la doncella habían venido a verla y a recebirla,8.0
data\synthetic\audio_cache\real_1_hours\1_hours_0073.wav,0,humano,13690,1_hours,era ella misma sin duda pero no ya con aquellos ligerísimos ropajes que tanto llamaron mi atención sino vestida con el habitual modo de nuestras damas,8.0
data\synthetic\audio_cache\real_1_hours\1_hours_0074.wav,0,humano,10206,1_hours,entendiéndose seis meses á contar desde el dia en que nosotros pusimos en aquel sitio el grano destinado á la siembra pues es preciso no creer que debia permanecer seis meses en la tierra en ese pais,8.0
data\synthetic\audio_cache\real_1_hours\1_hours_0075.wav,0,humano,11772,1_hours,por desgracia las comunicaciones interplanetarias no han pasado aún de la categoría de proyecto y cuando la humanidad se aburre en su viejo domicilio comienza a coger trastos y a echarlos patas arriba,8.0
data\synthetic\audio_cache\real_1_hours\1_hours_0076.wav,0,humano,12921,1_hours,la primera con el cabello en desordcn y medio envuelta en un menton negro consultaba cada momento el pcndulo y abria con frecuencia la ventana como si aguardase cada instante un correo,8.0
data\synthetic\audio_cache\real_1_hours\1_hours_0077.wav,0,humano,13690,1_hours,si éste hubiera sido consecuencia de la gratitud si hubiera empezado a amarla impresionado por las preferencias que ella la demostraba ya sería otra cosa pero tengo razones para suponer que no haya ocurrido así,8.0
data\synthetic\audio_cache\real_1_hours\1_hours_0078.wav,0,humano,2262,1_hours,en la oscuridad y anda como por una casa conocida y no es que uno no quiere saber porque la verdad es que da vergüenza ver algo y no entenderlo,8.0
data\synthetic\audio_cache\real_1_hours\1_hours_0079.wav,0,humano,2262,1_hours,no están vivos los que están vivos de veras son los que nos hacen los cubiertos de comer,8.0
data\synthetic\audio_cache\real_1_hours\1_hours_0080.wav,0,humano,10206,1_hours,observe el aniversario como un dia de ayuno solemne consagrándolo todo entero en prácticas religiosas proslernándome con humildad profunda confesando mis faltas á dios reconociendo su divina justicia ó implorando en fin su infinita misericordia en nombre de su amado hijo,8.0
data\synthetic\audio_cache\real_1_hours\1_hours_0081.wav,0,humano,8881,1_hours,en salamanca se constituyó un club jacobino que tuvo verdadera importancia los centralistas que reconocían como jefe en bayona,8.0
data\synthetic\audio_cache\real_1_hours\1_hours_0082.wav,0,humano,5047,1_hours,vaya menos historias y a trabajar y levantó la tapa del gran capazo de esparto atado a los varales del carro buscando su provisión de cuerdas,8.0
data\synthetic\audio_cache\real_1_hours\1_hours_0083.wav,0,humano,2262,1_hours,ya está la cuchara luego la liman y la adornan y la pulen como el tenedor y la llevan al baño de plata porque es un baño verdadero en que la plata está en el agua,8.0
data\synthetic\audio_cache\real_1_hours\1_hours_0084.wav,0,humano,12428,1_hours,y no se pudo hablarles tampoco la desesperacin de la hermosa joven fué indecible pero todavia tuvo creces cuando supo no dudarlo que la c de la prisién de enrique habia sido una acus acin de valle,8.0
data\synthetic\audio_cache\real_1_hours\1_hours_0085.wav,0,humano,6615,1_hours,les haría una obra magnífica pero por dios no me den ustedes un tuerto es que es el único hombre de algún mérito que tenemos por aquí el único digno de una estatua,8.0
data\synthetic\audio_cache\real_1_hours\1_hours_0086.wav,0,humano,13690,1_hours,empezó á hacer los más desaforados desatinos que pueden verse agitó primero las palmas de las manos al modo de abanico haciendo correr un aire cálido y seco que tostaba,8.0
data\synthetic\audio_cache\real_1_hours\1_hours_0087.wav,0,humano,6156,1_hours,efectivamente al poco rato las techumbres de los vagones temblaban bajo el galope loco de los que se perseguían en aquellas alturas era sin duda el amigo a quien habían sorprendido y viéndose cercado se refugiaba en lo más alto del tren,8.0
data\synthetic\audio_cache\real_1_hours\1_hours_0088.wav,0,humano,8886,1_hours,allá subieron las tribus las tribus de jah conforme al testimonio dado á israel para alabar el nombre de jehová,8.0
data\synthetic\audio_cache\real_1_hours\1_hours_0089.wav,0,humano,10982,1_hours,yo me alegraria de ello de toflo corazon la señora bumble vio de una sola ojeada que era llegado el momento decisivo y que era preciso dar un gran golpe para asegurar la soberania en favor del uno ó del otro asi pues luego que hubo oido la alusion hecha á la memoria del difunto dejándose caer en una silla gritó que,8.0
data\synthetic\audio_cache\real_1_hours\1_hours_0090.wav,0,humano,6615,1_hours,no se fije usted me dijeron algunos amigos los que dicen tenedoróa y genté elegantía no saben,8.0
data\synthetic\audio_cache\real_1_hours\1_hours_0091.wav,0,humano,8886,1_hours,ni se dormirá el que te guarda he aquí no se adormecerá ni dormirá el que guarda á israel jehová es tu guardador,8.0
data\synthetic\audio_cache\real_1_hours\1_hours_0092.wav,0,humano,11694,1_hours,son al contrario los hombres quienes influyen sobre el clima reconozcamos que afortunadamente madrid comienza ya a preocuparse de mejorar el suyo v el,8.0
data\synthetic\audio_cache\real_1_hours\1_hours_0093.wav,0,humano,8304,1_hours,ii durante diez días la vida prosiguió en común aunque nébel estaba casi todo el día afuera por tácito acuerdo lidia y él se encontraban muy pocas veces solos,8.0
data\synthetic\audio_cache\real_1_hours\1_hours_0094.wav,0,humano,5168,1_hours,era una moza de mi pueblo con la que casé al volver del servicio tuvimos un hijo y una hija pan poco miseria mucha y qué quiere usted la juventud y cierta brutalidad de carácter me llevaron al oficio,8.0
data\synthetic\audio_cache\real_1_hours\1_hours_0095.wav,0,humano,13690,1_hours,sentíase invadida por una deliciosa confusión que la hacía respirar anhelosa y experimentar en un momento mil sensaciones de índole variadísima,8.0
data\synthetic\audio_cache\real_1_hours\1_hours_0096.wav,0,humano,2262,1_hours,sale hecha una lámina del grueso de un cartón es un cartón de metal luego viene la agujereadora,8.0
data\synthetic\audio_cache\real_1_hours\1_hours_0097.wav,0,humano,6156,1_hours,ahora leo que en la vía férrea cerca de albacete se ha encontrado el cadáver de un hombre despedazado por el tren es él el pobre parásito no necesito más datos para creerlo me lo dice el corazón quien ama el peligro en él perece,8.0
data\synthetic\audio_cache\real_1_hours\1_hours_0098.wav,0,humano,13690,1_hours,allí el señor besaya se despide cortéstemente de nosotros pues su amigo el saja le espera en torrelavega para ir juntos á tomar baños de mar le damos las gracias por su atención y seguimos,8.0
data\synthetic\audio_cache\real_1_hours\1_hours_0099.wav,0,humano,101,1_hours,este libro fue el primero de caballerías que se imprimió en españa y todos los demás han tomado principio y origen déste y así me parece que como a dogmatizador de una secta tan mala le debemos sin escusa alguna condenar al fuego,8.0
data\synthetic\audio_cache\real_1_hours\1_hours_0100.wav,0,humano,5047,1_hours,maldito sol era el pillo mayor de la creación éste sí que merecía le arreglasen las cuentas el día de la gorda como enemigo de los pobres,8.0
data\synthetic\audio_cache\real_1_hours\1_hours_0101.wav,0,humano,8304,1_hours,la miró aún y se encogió de hombros si embargo como la madre repetía sus inyecciones con una frecuencia terrible para ahogar los dolores de su riñón que la morfina concluía de matar nébel se,8.0
data\synthetic\audio_cache\real_1_hours\1_hours_0102.wav,0,humano,2262,1_hours,y de allí sale el tenedor o la cuchara a la platería de veras porque es donde les ponen el baño de la electricidad y quedan como vestidos con traje de plata,8.0
data\synthetic\audio_cache\real_1_hours\1_hours_0103.wav,0,humano,5047,1_hours,había que oír al carretero era su patio algún corral para que viniesen a emporcarlo con sus crías los animales de la vecindad de un momento a otro iba a enfadarse y si él se enfadaba de veras pum,8.0
data\synthetic\audio_cache\real_1_hours\1_hours_0104.wav,0,humano,8304,1_hours,distaba mucho de ser respecto de su cuñada lo que se pretendía y si mantenía el tren de madre e hija lo hacía por una especie de compasión de ex amante rayana en vil egoísmo y sobre todo para autorizar los,8.0
data\synthetic\audio_cache\real_1_hours\1_hours_0105.wav,0,humano,3553,1_hours,lea las vidas paralelas de plutarco que dan deseos de ser como aquellos hombres de antes y mejor porque ahora la tierra ha vivido más y se puede ser hombre de más amor y delicadeza,8.0
data\synthetic\audio_cache\real_1_hours\1_hours_0106.wav,0,humano,6156,1_hours,mis ideas estaban aún embrolladas por el sueño en el primer momento sentí cierto terror supersticioso aquel hombre que se aparecía estando el tren en marcha tenía algo de los fantasmas de mis cuentos de niño,8.0
data\synthetic\audio_cache\real_1_hours\1_hours_0107.wav,0,humano,10206,1_hours,durante todo aquel tiempo permaneci bien escondido no atreviéndome á pasar de mi observatorio en la cumbre de la colina y sumamente satisfecho de tener mi habitacion tan perfectamente fortificada,8.0
data\synthetic\audio_cache\real_1_hours\1_hours_0108.wav,0,humano,101,1_hours,calla amigo sancho respondió don quijote que las cosas de la guerra más que otras están sujetas a continua mudanza,8.0
data\synthetic\audio_cache\real_1_hours\1_hours_0109.wav,0,humano,6156,1_hours,y le veía en las afueras de una estación tal vez azotado por la lluvia y la nieve esperando el tren que pasa como un torbellino para asaltarlo con la serenidad del valiente que asalta una trinchera,8.0
data\synthetic\audio_cache\real_1_hours\1_hours_0110.wav,0,humano,11553,1_hours,hoy el casino no necesita ya hacer esfuerzo ninguno para atraer al veraneante el veraneante le pertenece por entero estos días está haciendo un tiempo magnífico y sin embargo los alrededores de la ciudad se encuentran desiertos a todas horas,8.0
data\synthetic\audio_cache\real_1_hours\1_hours_0111.wav,0,humano,10982,1_hours,bumble estaba sentado en el locutorio de id casa de caridad con los ojos tristemente fijos en el hogar que por razon de la bella primavera se hallaba sin fuego la,8.0
data\synthetic\audio_cache\real_1_hours\1_hours_0112.wav,0,humano,6615,1_hours,nadie se cuida de los millonarios y helos ahí teniendo que fundar escuelas y hospitales y que distribuir su dinero en obras de beneficencia pobres millonarios hasta hace poco su desamparo se explicaba por su rareza,8.0
data\synthetic\audio_cache\real_1_hours\1_hours_0113.wav,0,humano,8881,1_hours,en el viento no venía el menor murmullo sólo alguna vez una corneja graznaba entre los árboles leguía silbaba suavemente,8.0
data\synthetic\audio_cache\real_1_hours\1_hours_0114.wav,0,humano,8304,1_hours,hasta el piso nébel la pulsó el corazón no daba más y la temperatura caía al rato los labios callaron su pla pla y en la piel aparecieron grandes manchas violeta a la una de la mañana murió esa tarde,8.0
data\synthetic\audio_cache\real_1_hours\1_hours_0115.wav,0,humano,5047,1_hours,aquel hombre que ansiaba cataclismos y que soñaba con la gorda pero muy gorda vivía por ironía en el barrio del pacífico la más leve cuestión de su mujer con las criadas le ponía fuera de sí,8.0
data\synthetic\audio_cache\real_1_hours\1_hours_0116.wav,0,humano,101,1_hours,luego echaron de ver la locura de su dueño mas quisieron ver despacio en qué paraba aquella confesión que se les pedía y uno dellos que era un poco burlón y muy mucho discreto le dijo,8.0
data\synthetic\audio_cache\real_1_hours\1_hours_0117.wav,0,humano,6156,1_hours,perdió el equilibrio se agarró desesperadamente al borde de la portezuela y yo seguí empujándole pugnando por arrancar sus crispadas manos de aquel asidero para arrojarlo a la vía todas las ventajas estaban de mi parte,8.0
data\synthetic\audio_cache\real_1_hours\1_hours_0118.wav,0,humano,10206,1_hours,le fué preciso escuchar al testigo este era el librero qne jo habia visto todo contó el hecho y oliverio fué puesto en libertad mr brownlow estala indignado de a conducta de fang quiso,8.0
data\synthetic\audio_cache\real_1_hours\1_hours_0119.wav,0,humano,2262,1_hours,en otra lo pulen que es cosa muy curiosa parecida a la de las piedras de amolar sólo que la máquina de pulir anda más de prisa y la rueda es de alambres delgados como cabellos,8.0
data\synthetic\audio_cache\real_1_hours\1_hours_0120.wav,0,humano,11772,1_hours,pero es inútil y hay que resignarse a todas las molestias de vivir en una casa donde se están haciendo reparaciones,8.0
data\synthetic\audio_cache\real_1_hours\1_hours_0121.wav,0,humano,13690,1_hours,señora le dije respetuosamente limpiando el copioso sudor de mi rostro permítame usted que me aleje todo lo posible de su persona porque ó yo no entiendo de verano ó es usted la misma canícula en cuerpo y alma,8.0
data\synthetic\audio_cache\real_1_hours\1_hours_0122.wav,0,humano,11228,1_hours,sería el grito del mortal espantado al ver rota la ley de la constancia se rompió el orden rompióse la cadena que ata las horas el sol falta á la cita el mundo va á morir entre portentos de confusión y ruina,8.0
data\synthetic\audio_cache\real_1_hours\1_hours_0123.wav,0,humano,8881,1_hours,decían éstos que la sociedad se había fundado en el ejército del franco condado donde abundaban los liberales y los republicanos por un oficial llamado,8.0
data\synthetic\audio_cache\real_1_hours\1_hours_0124.wav,0,humano,8881,1_hours,únicamente como remedio se veía un grupo exiguo de gente culta desligado de los unos y de los otros hombres entendidos pero egoístas incapaces de arrastrar a nadie incapaces de comprender al pueblo orgullosos y al mismo tiempo cobardes,8.0
data\synthetic\audio_cache\real_1_hours\1_hours_0125.wav,0,humano,5168,1_hours,y lo que más le importa es hacer que nosotras cometamos a cada paso tan cruel y perverso pecado y todo esto lo permite dios por nuestros pecados que sin su permisión yo he visto por experiencia que no puede ofender el diabo a una hormiga,8.0
data\synthetic\audio_cache\real_1_hours\1_hours_0126.wav,0,humano,8304,1_hours,lanzó una exclamación y ocultando con sus brazos la liviandad doméstica de su ropa huyó más velozmente aún un instante después la madre abría el consultorio y acogía a su antiguo conocido con más,8.0
data\synthetic\audio_cache\real_1_hours\1_hours_0127.wav,0,humano,8304,1_hours,pero buscaremos esa tarde llegó el correo cuando estaban solos en el comedor y nébel abrió una carta noticias preguntó lidia levantando inquieta los ojos a él sí repuso nébel prosiguiendo la,8.0
data\synthetic\audio_cache\real_1_hours\1_hours_0128.wav,0,humano,13690,1_hours,la sabiduría consiste en dar á la vida ya sea moral ya física un poquitito menos de lo necesario esta rara sentencia me probaba lo que ya sabía yo y era que ramoncita tenía un despejo sin igual,8.0
data\synthetic\audio_cache\real_1_hours\1_hours_0129.wav,0,humano,12332,1_hours,abrázame el deseo está á cubierto en surco de dolor sobre la huesa de ese bien perdido que se fué á todo ir,8.0
data\synthetic\audio_cache\real_1_hours\1_hours_0130.wav,0,humano,10206,1_hours,esta fue una escelente noticia para nosotros por último llegaron á la chalupa pero cual fué su pasmo al verla fuera del agua pues era el momento del reflujo y no encontrar en ella á sus dos guardianes,8.0
data\synthetic\audio_cache\real_1_hours\1_hours_0131.wav,0,humano,6156,1_hours,pero sentí de nuevo el soplo frío de la noche aumentado por el huracán que levantaba el tren con su rápida marcha y al incorporarme vi la otra portezuela la inmediata a mí completamente abierta con un hombre sentado al borde de la plataforma,8.0
data\synthetic\audio_cache\real_1_hours\1_hours_0132.wav,0,humano,12428,1_hours,i ha venido vd insultarme de este modo no senor he venido d jurar i los pies de ese hombre que va a morir perp quien adoro con,8.0
data\synthetic\audio_cache\real_1_hours\1_hours_0133.wav,0,humano,12921,1_hours,enrique abraz de priesa las seioras y isabel que apenas tuvo fuerzas para moverse pero al llegar clemencia a quien alargaba los brazos con ternura,8.0
data\synthetic\audio_cache\real_1_hours\1_hours_0134.wav,0,humano,11772,1_hours,estos señores no ven la necesidad de cambio ninguno el mundo les parece verdaderamente bien y en realidad qué mundo ha estado nunca mejor,8.0
data\synthetic\audio_cache\real_1_hours\1_hours_0135.wav,0,humano,13690,1_hours,en mi curso infinito guíame el dedo de dios cuando aparezco ya está todo preparado bástame sonreír para que el mundo se llene de frutos,8.0
data\synthetic\audio_cache\real_1_hours\1_hours_0136.wav,0,humano,8881,1_hours,sí sí búrlate jyo burlarme jyo que he aguantado a pie firme discursos de dos horas seguidas sin desmayar de manera que lo que tú quieres es conspirar intrigar andar a tiros robar algo bueno si se tercia,8.0
data\synthetic\audio_cache\real_1_hours\1_hours_0137.wav,0,humano,10206,1_hours,con las manos y pies sujetos con cañas ó alguna cosa parecida al junco en fin reconocí que era un europeo y que estaba vestido,8.0
data\synthetic\audio_cache\real_1_hours\1_hours_0138.wav,0,humano,8886,1_hours,y habito entre las tiendas de kedar mucho se detiene mi alma con los que aborrecen la paz yo soy pacífico mas ellos así que hablo me hacen guerra,8.0
data\synthetic\audio_cache\real_1_hours\1_hours_0139.wav,0,humano,11772,1_hours,y esto es lo que ocurre hoy el mundo se está transformando con gran indignación de muchos señores que se habían instalado en él confortablemente y para que no los molestase nadie,8.0
data\synthetic\audio_cache\real_1_hours\1_hours_0140.wav,0,humano,2262,1_hours,cuentan las cosas con tantas palabras raras y uno no las puede entender como cuando le dicen ahora a uno en la exposición de parís tome una,8.0
data\synthetic\audio_cache\real_1_hours\1_hours_0141.wav,0,humano,101,1_hours,que me parece que debe de estar demasiadamente cansado si ya no es que está malferido ferido no dijo don quijote pero molido y quebrantado,8.0
data\synthetic\audio_cache\real_1_hours\1_hours_0142.wav,0,humano,3553,1_hours,o los quiera comprar o quiera hacer colección o preguntar sobre sellos algo que le interese no tiene más que escribir para lograr lo que desea,8.0
data\synthetic\audio_cache\real_1_hours\1_hours_0143.wav,0,humano,6156,1_hours,por dios señorito gimió con voz ahogada señorito déjeme usted soy un hombre de bien y había tal expresión de humildad y angustia en sus palabras que me sentí avergonzado de mi brutalidad y le solté,8.0
data\synthetic\audio_cache\real_1_hours\1_hours_0144.wav,0,humano,8881,1_hours,a alguno de ellos lo vi treinta y tantos años después de miliciano nacional y lo reconocí los amigos míos de casa eran ignacio arteaga y josé antonio,8.0
data\synthetic\audio_cache\real_1_hours\1_hours_0145.wav,0,humano,11772,1_hours,cada tres o cuatro siglos vienen unos hombres se ponen a barrer a fregar a empapelar y a repintar el mundo lo dejan mejor probablemente no pero esto no importa le quitan el polvo lo refrescan lo varían y le dan un interés nuevo,8.0
data\synthetic\audio_cache\real_1_hours\1_hours_0146.wav,0,humano,11553,1_hours,en honor de la verdad sin embargo conviene advertir que el triunfo del casino no ha sido cosa muy fácil la naturaleza ha hecho esfuerzos prodigiosos a veces ha organizado días espléndidos con una temperatura deliciosa y una luz ideal,8.0
data\synthetic\audio_cache\real_1_hours\1_hours_0147.wav,0,humano,11228,1_hours,puntual como el lucero dice el galán enfermo de muerte á su dama ya estás ahí puntual como una estrella que á su hora sale marcha á su paso y se pone cumpliendo su carrera,8.0
data\synthetic\audio_cache\real_1_hours\1_hours_0148.wav,0,humano,6156,1_hours,el parásito del tren sí dijo el amigo pérez a todos sus contertulios de café en este periódico acabo de leer la noticia de la muerte de un amigo,8.0
data\synthetic\audio_cache\real_1_hours\1_hours_0149.wav,0,humano,12921,1_hours,yo no conozco el camino del naranjo y me perdcria necesito primero disfrazarme con traje de paisano y luego llevar un gutt que después de atravesar el paso me dirija a guad,8.0
data\synthetic\audio_cache\real_1_hours\1_hours_0150.wav,0,humano,6615,1_hours,tenedor tenedoróa los vascos franceses le dicen fourchetóa en una esquina y al lado de un letrero que decía calle de echembarrena otro letrero ponía echembarrena kalia y,8.0
data\synthetic\audio_cache\real_1_hours\1_hours_0151.wav,0,humano,12332,1_hours,en endecha tu tenaz quebranto la vida tornará lava el sudario y dale sahumerio pañal de sacrificio,8.0
data\synthetic\audio_cache\real_1_hours\1_hours_0152.wav,0,humano,407,1_hours,don luis daba voces a sus criados que le dejasen a él y acorriesen a don quijote y a cardenio y a don fernando que todos favorecían a don quijote el cura daba voces la ventera gritaba su hija se afligía,8.0
data\synthetic\audio_cache\real_1_hours\1_hours_0153.wav,0,humano,8881,1_hours,nos dijo que la constitución y la libertad estaban en peligro que los generales nos hacían traición que las autoridades estaban en tratos cok los franceses y los realistas y que el rey jugaba con el país,8.0
data\synthetic\audio_cache\real_1_hours\1_hours_0154.wav,0,humano,11694,1_hours,ah vamos exclama por último es que los españoles no tienen dinero y aunque esta explicación de la psicología nacional me resulta excesivamente americana yo obligado a hacer una síntesis la acepto sin grandes escrúpulos,8.0
data\synthetic\audio_cache\real_1_hours\1_hours_0155.wav,0,humano,12921,1_hours,la joven irguiéndose con una altivez que ilumin su semblante con el brillo de una hermosura divina alarg una mano para rechazarle desengaro ti vaya vd con dos scnor flores le dijo va va vd cou dios y que cl le salve,8.0
data\synthetic\audio_cache\real_1_hours\1_hours_0156.wav,0,humano,12921,1_hours,el criado velaba y fué d preguntar quién era abre abre pronto dijo afuera una voz el criado corri los cerrojos y abri era una casa baja como lo son generalmente en colima oyéronse pasos en el corredor y ruido de acicates,8.0
data\synthetic\audio_cache\real_1_hours\1_hours_0157.wav,0,humano,11228,1_hours,y si esto sigue así mira tendremos empeño rudo nosotros que guardar á nuestros ángeles pues son tan puros sonetos,8.0
data\synthetic\audio_cache\real_1_hours\1_hours_0158.wav,0,humano,11772,1_hours,qué quieren esos obreros que arman tanto escándalo qué quieren esos carpinteros qué quieren esos fontaneros qué quieren esos fumistas qué quieren esos empapeladores,8.0
data\synthetic\audio_cache\real_1_hours\1_hours_0159.wav,0,humano,8304,1_hours,por mí que su señor padre no quiere asistir no no señora exclamó al fin nébel impaciente está en su modo de ser hablaré de nuevo con él si quiere,8.0
data\synthetic\audio_cache\real_dev\dev_0000.wav,0,humano,6671,dev,prosiguió enrique que en una de los condados más bellos de la inglaterra en medio de risueñas colinas y verdes praderas existe una pequeña iglesia de aldea,8.0
data\synthetic\audio_cache\real_dev\dev_0001.wav,0,humano,6671,dev,permanecia en casa de aquella señora y fué feliz hace dos ó tres años que la habia perdido de vista y no volvía á verla hasta hace algunos meses,8.0
data\synthetic\audio_cache\real_dev\dev_0002.wav,0,humano,8630,dev,impotentes para contener la alzaprima que bajaba a todo escape rodaban unas sobre otras dando tumbos vigas animales carretas todo bien mezclado raramente se lastimaban las mulas pero la algazara era la misma,8.0
data\synthetic\audio_cache\real_dev\dev_0003.wav,0,humano,13325,dev,comía lo preciso para no morirse de hambre en alguna taberna de los barrios bajos y dormía por cuatro cuartos entre mendigos y malhechores en un desván destinado a este fin en cierta ocasión le robaron mientras dormía los pantalones y le dejaron otros de dril remendados,8.0
data\synthetic\audio_cache\real_dev\dev_0004.wav,0,humano,2308,dev,las especias de diversas suertes no parecía haberlas comprado por libras sino por arrobas y todas estaban de manifiesto en una grande arca finalmente el aparato de la boda era rústico pero tan abundante que podía sustentar a un ejército,8.0
data\synthetic\audio_cache\real_dev\dev_0005.wav,0,humano,8630,dev,y podeley cuyas últimas fuerzas fueron dedicadas a cortar los isipós tuvo apenas tiempo de hacerlo antes de enroscarse a tiritar,8.0
data\synthetic\audio_cache\real_dev\dev_0006.wav,0,humano,3473,dev,famoso testigo dijo don quijote el rebuzno conozco como si le pariera y tu voz oigo sancho mío,8.0
data\synthetic\audio_cache\real_dev\dev_0007.wav,0,humano,4589,dev,y podría ser que el no dármele redundase en pro de mi conciencia que mangüera tonto se me entiende aquel refrán de por su mal le nacieron alas a la hormiga,8.0
data\synthetic\audio_cache\real_dev\dev_0008.wav,0,humano,11670,dev,el sol de la vigilia engañadora oh sueño mar sin fondo y sin orilla mundos sin cuento surgen de tu seno en que palpita y brilla la creación del alma soñadora en campo tan sereno,8.0
data\synthetic\audio_cache\real_dev\dev_0009.wav,0,humano,3678,dev,cuando el atrevido huésped se la llevó a menalao y en otra estaba la historia de dido y de eneas ella sobre una alta torre como que hacía señas con una media sábana al fugitivo huésped que por el mar sobre una fragata o bergantín se iba huyendo,8.0
data\synthetic\audio_cache\real_dev\dev_0010.wav,0,humano,1227,dev,grabada por alejandro garcía en la ciudad de méxico la primera parte del ingenioso hidalgo don quijote de la mancha por miguel de cervantes saavedra capítulo cuarenta y nueve,8.0
data\synthetic\audio_cache\real_dev\dev_0011.wav,0,humano,2767,dev,señor replicó sancho yo imagino que es bueno mandar aunque sea a un hato de ganado con vos me entierren sancho que sabéis de todo respondió el duque,8.0
data\synthetic\audio_cache\real_dev\dev_0012.wav,0,humano,13257,dev,el juicio definitivo inspirado en la marcha de los acontecimientos debía ser que si la muchacha que se había dejado hechizar por las prendas y cualidades del capitán wentworth se rendía ahora a la seducción de otro hombre no merecía el caso la,8.0
data\synthetic\audio_cache\real_dev\dev_0013.wav,0,humano,133,dev,volvió las riendas a su caballo que no era más ligero ni de mejor parecer que rocinante y a todo su correr que era un mediano trote iba a encontrar a su enemigo pero viéndole ocupado en la subida de sancho detuvo las riendas y paróse en la mitad de la carrera,8.0
data\synthetic\audio_cache\real_dev\dev_0014.wav,0,humano,2592,dev,bien has dicho sancho respondió don quijote cuélguense mis armas por trofeo y al pie dellas o alrededor dellas grabaremos en los árboles lo que en el trofeo de las armas de roldán estaba escrito nadie las mueva que estar no pueda con roldán a prueba,8.0
data\synthetic\audio_cache\real_dev\dev_0015.wav,0,humano,13325,dev,y los dos hermanos quedaron abrazados y sollozando algunos minutos en medio de la calle la nieve caía sobre ellos dulcemente santiago se desprendió bruscamente de los brazos de su hermano,8.0
data\synthetic\audio_cache\real_dev\dev_0016.wav,0,humano,1227,dev,nos fue fecha relación que había descompuesto un libro intitulado el ingenioso hidalgo de la mancha el cual os había costado mucho trabajo y era muy útil y provechoso,8.0
data\synthetic\audio_cache\real_dev\dev_0017.wav,0,humano,1075,dev,para cuya seguridad andando más los tiempos y creciendo más la malicia se instituyó la orden de los caballeros andantes,8.0
data\synthetic\audio_cache\real_dev\dev_0018.wav,0,humano,2767,dev,ah pecador de mí respondió don quijote y qué mal parece en los gobernadores el no saber leer ni escribir porque has de saber oh sancho que no saber un hombre leer o ser zurdo,8.0
data\synthetic\audio_cache\real_dev\dev_0019.wav,0,humano,7331,dev,entonces temblando de frío con las alas mojadas y tropezando la abeja se arrastró se arrastró hasta que de pronto rodó por un agujero cayó rodando mejor dicho al fondo de una caverna,8.0
data\synthetic\audio_cache\real_dev\dev_0020.wav,0,humano,2308,dev,del modo mesmo venían señaladas las que al interés seguían decía liberalidad el título de la primera dádiva el de la segunda tesoro el de la tercera y el de la cuarta posesión pacífica,8.0
data\synthetic\audio_cache\real_dev\dev_0021.wav,0,humano,4589,dev,a gran priesa mandó que le echasen agua en el rostro hízose así y él volvió en su acuerdo a tiempo que ya un carro de las rechinantes ruedas llegaba a aquel puesto,8.0
data\synthetic\audio_cache\real_dev\dev_0022.wav,0,humano,133,dev,y aun de todo el mundo no digo nada pero de que haya vencido a don quijote de la mancha póngolo en duda podría ser que fuese otro que le pareciese aunque hay pocos que le parezcan,8.0
data\synthetic\audio_cache\real_dev\dev_0023.wav,0,humano,6223,dev,parecíale que entreabría los labios como murmurando una oración que se alzaba su pecho como oprimido y sollozante que cruzaba las manos con más fuerza que sus mejillas se coloreaban en fin como si se ruborizase ante aquel sacrilego y repugnante espectáculo,8.0
data\synthetic\audio_cache\real_dev\dev_0024.wav,0,humano,7331,dev,me he cansado tanto volando de aquí para allá como trabajando lo que me faltaba era la noción del deber que adquirí aquella noche trabajen compañeras pensando que el fin a que tienden nuestros esfuerzos la felicidad de todos es muy superior a la fatiga de cada uno,8.0
data\synthetic\audio_cache\real_dev\dev_0025.wav,0,humano,13543,dev,lo que más la enojaba era que por haber desplegado aquel lujo de previsión y cautela había perdido la ocasión propicia de comprobar si él las pudo advertir el círculo de amistades que el capitán wentworth frecuentaba no era bastante distinguido para los elliot,8.0
data\synthetic\audio_cache\real_dev\dev_0026.wav,0,humano,2308,dev,la de la propia mujer no es mercaduría que una vez comprada se vuelve o se trueca o cambia porque es accidente inseparable que dura lo que dura la vida,8.0
data\synthetic\audio_cache\real_dev\dev_0027.wav,0,humano,6223,dev,a los pocos minutos una gran claridad que de improviso se derramó por todo el ámbito de la iglesia anunció a los oficiales que había llegado la hora de comenzar el festín el capitán que hacía los honores de su alojamiento con la misma ceremonia que hubiera hecho los de su casa exclamó dirigiéndose a los convidados,8.0
data\synthetic\audio_cache\real_dev\dev_0028.wav,0,humano,3796,dev,los anamitas se pasean callados a paso igual y triste con las manos en los bolsillos de la blusa azul trabajan parecen plateros finos en todo lo que hacen en la madera en el nácar en la armería,8.0
data\synthetic\audio_cache\real_dev\dev_0029.wav,0,humano,10367,dev,habiendo él llevado el pecado de muchos y orado por los transgresores,8.0
data\synthetic\audio_cache\real_dev\dev_0030.wav,0,humano,13257,dev,si todos se llamasen sofía o cosa por el estilo pues bien esta luisa que todos pensábamos que había de casarse con federico él ha estado haciéndole el amor semanas y semanas solo nos preguntábamos qué podrían esperar cuando sobrevino el suceso,8.0
data\synthetic\audio_cache\real_dev\dev_0031.wav,0,humano,3473,dev,acometiéronnos enemigos de noche y habiéndonos puesto grande aprieto dicen los de la ínsula que salieron libres y con vitoria por el valor de mi brazo que tal salud les dé dios como ellos dicen verdad,8.0
data\synthetic\audio_cache\real_dev\dev_0032.wav,0,humano,3678,dev,abre los ojos deseada patria y mira que vuelve a ti sancho panza tu hijo si no muy rico muy bien azotado abre los brazos y recibe también tu hijo don quijote que si viene vencido de los brazos ajenos viene vencedor de sí mismo,8.0
data\synthetic\audio_cache\real_dev\dev_0033.wav,0,humano,2592,dev,capítulo lsesenta y cinco donde se da noticia quién era el de la blanca luna con la libertad de don gregorio y de otros sucesos,8.0
data\synthetic\audio_cache\real_dev\dev_0034.wav,0,humano,3473,dev,que alborozado y contento esperaba el plazo de la batalla que había de hacer con el robador de la honra de la hija de doña rodríguez a quien pensaba enderezar el tuerto y desaguisado que malamente le tenían fecho,8.0
data\synthetic\audio_cache\real_dev\dev_0035.wav,0,humano,1075,dev,el cual se llamaba guillermo y al cual dio dios amén de las muchas y grandes riquezas una hija de cuyo parto murió su madre que fue la más honrada mujer que hubo en todos estos contornos,8.0
data\synthetic\audio_cache\real_dev\dev_0036.wav,0,humano,8630,dev,llegó por fin al rancho y se echó de brazos sobre la rueda de un trapiche los dos puntitos violeta desaparecían ahora en la monstruosa hinchazón del pie entero,8.0
data\synthetic\audio_cache\real_dev\dev_0037.wav,0,humano,133,dev,despertáronlos y mandáronles que tuviesen a punto los caballos porque en saliendo el sol habían de hacer los dos una sangrienta singular y desigual batalla,8.0
data\synthetic\audio_cache\real_dev\dev_0038.wav,0,humano,7331,dev,nunca jamás creyó la abejita que una noche podría ser tan fría tan larga tan horrible recordaba su vida anterior durmiendo noche tras noche en la colmena bien calentita y lloraba entonces en silencio,8.0
data\synthetic\audio_cache\real_dev\dev_0039.wav,0,humano,8630,dev,el hombre con sombría energía pudo efectivamente llegar hasta el medio del río pero allí sus manos dormidas dejaron caer la pala en la canoa,8.0
data\synthetic\audio_cache\real_dev\dev_0040.wav,0,humano,4589,dev,y tripas llevan pies que no pies a tripas quiero decir que si dios me ayuda y yo hago lo que debo con buena intención sin duda que gobernaré mejor que un gerifalte no sino pónganme el dedo en la boca y verán si aprieto o no,8.0
data\synthetic\audio_cache\real_dev\dev_0041.wav,0,humano,3678,dev,tierna la de don quijote temeroso de que no se le acabase la vida y no consiguiese su deseo por la imprudencia de sancho le dijo por tu vida amigo que se quede en este punto este negocio,8.0
data\synthetic\audio_cache\real_dev\dev_0042.wav,0,humano,2592,dev,que con el tiempo venga después a brotar y a echar frutos venenosos en españa ya limpia ya desembarazada de los temores en que nuestra muchedumbre la tenía,8.0
data\synthetic\audio_cache\real_dev\dev_0043.wav,0,humano,133,dev,no ser posible ser el mesmo si ya no fuese que como él tiene muchos enemigos encantadores especialmente uno que de ordinario le persigue,8.0
data\synthetic\audio_cache\real_dev\dev_0044.wav,0,humano,13325,dev,durante algunos meses vivió el ciego sin salir a la calle más que para cumplir su obligación de casa a la iglesia y de la iglesia a casa la tristeza le tenía dominado y abatido de tal suerte que apenas despegaba los labios,8.0
data\synthetic\audio_cache\real_dev\dev_0045.wav,0,humano,3719,dev,como las mitras a los obispos o como las garnachas a los peritos jurisconsultos riña vuesa merced a su hijo si hiciere sátiras que perjudiquen las honras ajenas y castíguele y rómpaselas,8.0
data\synthetic\audio_cache\real_dev\dev_0046.wav,0,humano,4589,dev,y no con intención de ofenderle y si ha salido al revés dios está en el cielo que juzga los corazones así es la verdad dijo la duquesa pero dígame agora sancho,8.0
data\synthetic\audio_cache\real_dev\dev_0047.wav,0,humano,2308,dev,de ahí a poco comenzaron a entrar por diversas partes de la enramada muchas y diferentes danzas entre las cuales venía una de espadas de hasta veinte y cuatro zagales de gallardo parecer y brío,8.0
data\synthetic\audio_cache\real_dev\dev_0048.wav,0,humano,13325,dev,entonces por consideración a su debilidad le tuvieron algunos días más de cortesía muy pocos y después le pusieron en la calle gloriándose mucho de dejarle libre el baúl y la ropa ya que con ella podían cobrarse de los pocos reales que les quedaba a deber,8.0
data\synthetic\audio_cache\real_dev\dev_0049.wav,0,humano,2767,dev,desde aquí le suelto que más quiero un solo negro de la uña de mi alma que a todo mi cuerpo y así me sustentaré sancho a secas con pan y cebolla como gobernador con perdices y capones,8.0
data\synthetic\audio_cache\real_dev\dev_0050.wav,0,humano,6223,dev,cuidado con lo que hacéis mirad que esas bromas con la gente de piedra suelen costar caras acordaos de lo que aconteció á los húsares del cinco el en el monasterio de poblet,8.0
data\synthetic\audio_cache\real_dev\dev_0051.wav,0,humano,13325,dev,santiago se golpeaba la cabeza su esposa lloraba los chicos atónitos le decían estrechándole la mano no volverás a tener hambre ni salir a la calle sin paraguas verdad tiíto,8.0
data\synthetic\audio_cache\real_dev\dev_0052.wav,0,humano,4589,dev,y en viéndole embrazando su escudo y puesta mano a su espada se adelantó a recebirle don quijote lo mesmo hizo el duque con su venablo pero a todos se adelantara la duquesa si el duque no se lo estorbara,8.0
data\synthetic\audio_cache\real_dev\dev_0053.wav,0,humano,8630,dev,ya deslumbraba el sol cuando despertaron el pajonal se extendía veinte metros tierra adentro sirviendo de litoral a río y bosque a media cuadra al sur el riacho paranaí que decidieron vadear cuando hubieran recuperado las fuerzas,8.0
data\synthetic\audio_cache\real_dev\dev_0054.wav,0,humano,11670,dev,agua sacó moisés de seca roca yo quiero con mi sangre marcar hierra fuego quiero que caiga de mi boca sobre la tierra sangre de fuego que la roca escalda la montaña os estorba mi trabajo de dolor me costó mas ved su falda quebrada en tajo,8.0
data\synthetic\audio_cache\real_dev\dev_0055.wav,0,humano,8630,dev,las mejillas brutalmente pintadas y un desdeñoso cigarro de hoja bajo los párpados entornados cayé consideró a la muchacha y su revolver cuarenta y cuatro era realmente lo único que valía de cuanto llevaba con él,8.0
data\synthetic\audio_cache\real_dev\dev_0056.wav,0,humano,2592,dev,no dijo ricote que se halló presente a esta plática hay que esperar en favores ni en dádivas porque con el gran don bernardino de velasco conde de salazar a quien dio su majestad cargo de nuestra expulsión,8.0
data\synthetic\audio_cache\real_dev\dev_0057.wav,0,humano,1075,dev,esta grabación fue realizada por carl moore de huston texas estados unidos primera  parte del ingenioso caballero don quijote de la mancha por miguel de cervantes saavedra,8.0
data\synthetic\audio_cache\real_dev\dev_0058.wav,0,humano,10367,dev,porque nunca hizo él maldad ni hubo engaño en su boca con todo eso jehová quiso quebrantarlo sujetándole á padecimiento cuando hubiere puesto su vida en expiación por el pecado verá linaje vivirá por largos días y la voluntad de jehová será en su mano prosperada,8.0
data\synthetic\audio_cache\real_dev\dev_0059.wav,0,humano,13543,dev,mucho se lo agradezco respondió pero no voy con ellas no hay sitio en el coche para todas iré a pie prefiero pasear pero si está lloviendo,8.0
data\synthetic\audio_cache\real_dev\dev_0060.wav,0,humano,7331,dev,vio a la luz de la luna tres sombras que se acercaban con gran sigilo el corazón le dio un vuelco al pobre coaticito al reconocer a su madre y a sus dos hermanos que lo estaban buscando,8.0
data\synthetic\audio_cache\real_dev\dev_0061.wav,0,humano,6223,dev,el capitán sin atender al efecto que su narración producía continuó de este modo no podéis figuraros nada semejante á aquella nocturna y fantástica visión,8.0
data\synthetic\audio_cache\real_dev\dev_0062.wav,0,humano,11670,dev,de mi sangre podéis seguir el hilo por donde voy sangrando es la vereda y allí donde yo muera es vuestro asilo allí la queda,8.0
data\synthetic\audio_cache\real_dev\dev_0063.wav,0,humano,13325,dev,dejaba claro y nítido el ambiente en el cual resaltaban con admirable pureza el obelisco del dos de mayo y las agujas del museo de artillería y de san jerónimo,8.0
data\synthetic\audio_cache\real_dev\dev_0064.wav,0,humano,2592,dev,segunda parte del ingenioso caballero don quijote de la mancha por miguel de cervantes saavedra y no,8.0
data\synthetic\audio_cache\real_dev\dev_0065.wav,0,humano,3473,dev,sino que habiendo dejado mi gobierno por cosas y causas que es menester más espacio para decirlas anoche caí en esta sima donde yago el rucio conmigo que no me dejará mentir pues por más señas está aquí conmigo,8.0
data\synthetic\audio_cache\real_dev\dev_0066.wav,0,humano,3678,dev,de mí te sé decir que si quisieras paga por los azotes del desencanto de dulcinea ya te la hubiera dado tal como buena pero no sé si vendrá bien con la cura la paga y no querría que impidiese el premio a la medicina,8.0
data\synthetic\audio_cache\real_dev\dev_0067.wav,0,humano,2592,dev,lo mejor es que no corran respondió otro porque a flaco no se muela con el peso ni el gordo se descarne y échese la mitad de la apuesta en vino y llevemos estos señores a la taberna de lo carro y sobre mí la capa cuando llueva,8.0
data\synthetic\audio_cache\real_dev\dev_0068.wav,0,humano,6223,dev,dejando en el aire y en pos de sí la azulada estela que desde el alto ajimez bajaba verticalmente hasta el pie del opuesto muro rompiendo la oscura sombra de aquel recinto lóbrego y misterioso,8.0
data\synthetic\audio_cache\real_dev\dev_0069.wav,0,humano,3473,dev,y se prometió a sí mismo de hacer maravillas en el caso y tuvo a gran ventura habérsele ofrecido ocasión donde aquellos señores pudiesen ver hasta dónde se extendía el valor de su poderoso brazo y,8.0
data\synthetic\audio_cache\real_dev\dev_0070.wav,0,humano,13325,dev,el semblante pálido y las cejas fruncidas por último se levantó repentinamente y fue a reunirse con sus amigas que estaban algo apartadas formando un grupo,8.0
data\synthetic\audio_cache\real_dev\dev_0071.wav,0,humano,4589,dev,los refranes de sancho panza dijo la duquesa puesto que son más que los del comendador griego no por eso son en menos de estimar por la brevedad de las sentencias,8.0
data\synthetic\audio_cache\real_dev\dev_0072.wav,0,humano,7331,dev,se trató en seguida de hacer salir al prisionero probaron primero cortar el alambre tejido y los cuatro se pusieron a trabajar con los dientes mas no conseguían nada entonces a la madre se le ocurrió de repente una idea y dijo,8.0
data\synthetic\audio_cache\real_dev\dev_0073.wav,0,humano,4589,dev,y pues que tengo buena fama y según oí decir a mi señor que más vale el buen nombre que las muchas riquezas encájenme ese gobierno y verán maravillas que quien ha sido buen escudero será buen gobernador,8.0
data\synthetic\audio_cache\real_dev\dev_0074.wav,0,humano,2592,dev,heroica resolución del gran filipo tercero y inaudita prudencia en haberla encargado al tal don bernardino de velasco una por una yo haré puesto allá las diligencias posibles y haga el cielo lo que más fuere servido dijo don antonio,8.0
data\synthetic\audio_cache\real_dev\dev_0075.wav,0,humano,13325,dev,en la noche anterior no había ganado más que seis cuartos había estado tan fría como que amaneció madrid envuelto en una sábana de nieve de media cuarta de espesor,8.0
data\synthetic\audio_cache\real_dev\dev_0076.wav,0,humano,7331,dev,pensó un instante en dejarlo para el final como postre porque era un huevo muy grande pero la boca se le hizo agua y clavó los dientes en el huevo,8.0
data\synthetic\audio_cache\real_dev\dev_0077.wav,0,humano,2592,dev,ya que le derribó en la tierra no salió con alguna costilla quebrada y pues sabe que donde las dan las toman y que no siempre hay tocinos donde hay estacas dé una higa al médico pues no le ha menester para que le cure en esta enfermedad,8.0
data\synthetic\audio_cache\real_dev\dev_0078.wav,0,humano,13325,dev,a ver retírese usted a su casa inmediatamente y no se pare usted en ninguna calle pero yo no hago daño a nadie está usted impidiendo el tránsito,8.0
data\synthetic\audio_cache\real_dev\dev_0079.wav,0,humano,3719,dev,mis ejercicios son el de la caza y pesca pero no mantengo ni halcón ni galgos sino algún perdigón manso o algún hurón atrevido tengo hasta seis docenas de libros,8.0
data\synthetic\audio_cache\real_dev\dev_0080.wav,0,humano,4589,dev,grande era el gusto que recebían el duque y la duquesa de la conversación de don quijote y de la de sancho panza y confirmándose en la intención que tenían de hacerles algunas burlas que llevasen vislumbres y apariencias de aventuras,8.0
data\synthetic\audio_cache\real_dev\dev_0081.wav,0,humano,3473,dev,y agazapándose se entró por él y vio que por de dentro era espacioso y largo y púdolo ver porque por lo que se podía llamar techo entraba un rayo de sol que lo descubría todo,8.0
data\synthetic\audio_cache\real_dev\dev_0082.wav,0,humano,3796,dev,y otro como de ataque cuando viene un rey de ganar una batalla y otro como de procesión de mucha alegría cuando se casa la princesa y otro como de truenos y de ruido cuando entra con su barba blanca,8.0
data\synthetic\audio_cache\real_dev\dev_0083.wav,0,humano,7331,dev,la abejita se asomaba a la puerta de la colmena veía que hacía buen tiempo se peinaba con las patas como hacen las moscas y echaba entonces a volar muy contenta del lindo día,8.0
data\synthetic\audio_cache\real_dev\dev_0084.wav,0,humano,8630,dev,el silex que pasó por allí al atardecer recogió al mensú ya casi moribundo su felicidad transformóse en terror al darse cuenta al día siguiente de que el vapor remontaba el río,8.0
data\synthetic\audio_cache\real_dev\dev_0085.wav,0,humano,1227,dev,pues le han traído a términos que sea forzoso encerrarle en una jaula y traerle sobre un carro de bueyes como quien trae o lleva algún león o algún tigre de lugar en lugar para ganar con él dejando que le vean,8.0
data\synthetic\audio_cache\real_dev\dev_0086.wav,0,humano,4589,dev,y no consiento que me anden musarañas ante los ojos porque sé dónde me aprieta el zapato dígolo porque los buenos tendrán conmigo mano y concavidad y los malos ni pie ni entrada,8.0
data\synthetic\audio_cache\real_dev\dev_0087.wav,0,humano,13325,dev,y después de pronunciar estas palabras se sintió un poco mejor y marchó o más propiamente se arrastró hasta la plaza de las cortes,8.0
data\synthetic\audio_cache\real_dev\dev_0088.wav,0,humano,3678,dev,estas dos señoras fueron desdichadísimas por no haber nacido en esta edad y yo sobre todos desdichado en no haber nacido en la suya,8.0
data\synthetic\audio_cache\real_dev\dev_0089.wav,0,humano,1227,dev,ni es razón que un hombre como vuestra merced tan honrado y de tan buenas partes y dotado de tan buen entendimiento se dé a entender que son verdaderas tantas y tan extrañas locuras como las que están escritas en los disparatados libros de caballerías,8.0
data\synthetic\audio_cache\real_dev\dev_0090.wav,0,humano,7331,dev,el coaticito loco de alegría porque iba a comer cien mil dos mil huevos de gallina entró en el gallinero y lo primero que vio bien en la entrada fue un huevo que estaba solo en el suelo,8.0
data\synthetic\audio_cache\real_dev\dev_0091.wav,0,humano,11670,dev,retiro de la maga soberana señora fantasía que da cuerpo y figura a cuanto el pecho ansía sacando de tu hondura en la dulce visión sin consistencia consuelo de la mísera existencia,8.0
data\synthetic\audio_cache\real_dev\dev_0092.wav,0,humano,3719,dev,ni gusto de murmurar ni consiento que delante de mí se murmure no escudriño las vidas ajenas ni soy lince de los hechos de los otros oigo misa cada día,8.0
data\synthetic\audio_cache\real_dev\dev_0093.wav,0,humano,8630,dev,repleta la ropa de cigarrillos que deshacían torpemente entre los dientes dejando caer de cada bolsillo la punta de un pañuelo acompañábanlos dos muchachas orgullosas de esa opulencia cuya magnitud se acusaba en la expresión un tanto hastiada de los mensú,8.0
data\synthetic\audio_cache\real_dev\dev_0094.wav,0,humano,10367,dev,porque así dijo el alto y sublime el que habita la eternidad y cuyo nombre es el santo yo habito en la altura y la santidad y con el quebrantado y humilde de espíritu para hacer vivir el espíritu de los humildes y para vivificar el corazón de los quebrantados,8.0
data\synthetic\audio_cache\real_dev\dev_0095.wav,0,humano,133,dev,al buen pagador no le duelen prendas el que una vez señor don quijote pudo venceros transformado bien podrá tener esperanza de rendiros en vuestro propio ser,8.0
data\synthetic\audio_cache\real_dev\dev_0096.wav,0,humano,2308,dev,y otras veces clava los ojos en la tierra con tal embelesamiento que no parece sino estatua vestida que el aire le mueve la ropa en fin,8.0
data\synthetic\audio_cache\real_dev\dev_0097.wav,0,humano,133,dev,aljófar los sauces destilaban maná sabroso reíanse las fuentes murmuraban los arroyos alegrábanse las selvas,8.0
data\synthetic\audio_cache\real_dev\dev_0098.wav,0,humano,3473,dev,y dónde está esa ínsula preguntó ricote adónde respondió sancho dos leguas de aquí y se llama la ínsula barataria,8.0
data\synthetic\audio_cache\real_dev\dev_0099.wav,0,humano,1227,dev,todo puede ser respondió el canónigo pero por las órdenes que recibí que no me acuerdo haberla visto mas puesto que conceda que está allí no por eso me obligo a creer las historias de tantos amadises ni las de tanta turbamulta de caballeros como por ahí nos cuentan,8.0
data\synthetic\audio_cache\real_dev\dev_0100.wav,0,humano,7331,dev,aceptado contestó la abeja la culebra se echó a reír de nuevo porque se le había ocurrido una cosa que jamás podría hacer una abeja y he aquí lo que hizo,8.0
data\synthetic\audio_cache\real_dev\dev_0101.wav,0,humano,13325,dev,juan no podía persuadirse de ello y le buscaba un millón de disculpas unas veces achacaba la falta al correo otras se le figuraba que su hermano no quería escribir hasta que pudiera mandar mucho dinero,8.0
data\synthetic\audio_cache\real_dev\dev_0102.wav,0,humano,10367,dev,embriaguémonos de sidra y será el día de mañana como este o mucho más excelente fin del capítulo cincuenta y seis del libro de isaías grabado por rodrigo hinojosa,8.0
data\synthetic\audio_cache\real_dev\dev_0103.wav,0,humano,7331,dev,como las abejas son muy serias comenzaron a disgustarse con el proceder de la hermana haragana en la puerta de las colmenas hay siempre unas cuantas abejas que están de guardia para cuidar que no entren bichos en la colmena,8.0
data\synthetic\audio_cache\real_dev\dev_0104.wav,0,humano,2308,dev,ni las has menester dijo don quijote pero yo no acabo de entender ni alcanzar cómo siendo el principio de la sabiduría el temor de dios tú que temes más a un lagarto que a él sabes tanto,8.0
data\synthetic\audio_cache\real_dev\dev_0105.wav,0,humano,3796,dev,no les parece que la vida es propiedad del hombre sino préstamo que le hizo la naturaleza y morir no es más que volver a la naturaleza de donde se vino y en la que todo es como hermano del hombre por lo que suele el que muere decir en su testamento,8.0
data\synthetic\audio_cache\real_dev\dev_0106.wav,0,humano,13257,dev,de ese género viniese a entibiar o a romper una amistad como la que existe entre él y el capitán benwick sí sí ya comprendo lo que usted quiere dar a entender pero nada de eso se deja adivinar en la carta no hace alusión ninguna al capitán,8.0
data\synthetic\audio_cache\real_dev\dev_0107.wav,0,humano,2308,dev,y todas las demostraciones que hacían eran al son de los tamborinos bailando y danzando concertadamente pusiéronlos en paz los salvajes los cuales con mucha presteza volvieron a armar y a encajar las tablas del castillo,8.0
data\synthetic\audio_cache\real_dev\dev_0108.wav,0,humano,13325,dev,mañana hace un mes que murió tu hermano pepito yo sé que has tenido una convulsión por haber visto la caja a mí no me han dejado ir a tu casa porque decían que me iba a impresionar pero toda la tarde la pasé llorando,8.0
data\synthetic\audio_cache\real_dev\dev_0109.wav,0,humano,2592,dev,al salir de barcelona volvió don quijote a mirar el sitio donde había caído y dijo aquí fue troya aquí mi desdicha,8.0
data\synthetic\audio_cache\real_dev\dev_0110.wav,0,humano,11670,dev,todo todo devóralo no arrojes piltrafas a los cuervos no soy manjar de echar bajo la mesa nada nada de sobras a los siervos toda entera resérvate la presa,8.0
data\synthetic\audio_cache\real_dev\dev_0111.wav,0,humano,3719,dev,dice pues la historia que cuando el bachiller sansón carrasco aconsejó a don quijote que volviese a proseguir sus dejadas caballerías fue por haber entrado primero en bureo con el cura,8.0
data\synthetic\audio_cache\real_dev\dev_0112.wav,0,humano,2308,dev,los otros dos labradores del acompañamiento sin apearse de sus pollinas sirvieron de aspetatores en la mortal tragedia las cuchilladas estocadas altibajos reveses y mandobles que tiraba corchuelo eran sin número,8.0
data\synthetic\audio_cache\real_dev\dev_0113.wav,0,humano,4589,dev,eso digo yo dijo sancho panza que si mi señora dulcinea del toboso está encantada su daño que yo no me tengo de tomar yo con los enemigos de mi amo que deben de ser muchos y malos,8.0
data\synthetic\audio_cache\real_dev\dev_0114.wav,0,humano,10367,dev,y del todo serán asoladas la gloria del líbano vendrá á ti hayas pinos y bojes juntamente para decorar el lugar de mi santuario y yo honraré el lugar de mis pies y vendrán á ti humillados los hijos de los que te afligieron y á las pisadas de tus pies se encorvarán todos los que te escarnecían,8.0
data\synthetic\audio_cache\real_dev\dev_0115.wav,0,humano,13257,dev,la misma miss musgrove en vez de casarse con federico va a casarse con jaime benwick conoce usted a jaime benwick un poco conozco algo al capitán benwick bien pues con él se va a casar es decir puede que estén ya casados porque no sé si no que,8.0
data\synthetic\audio_cache\real_dev\dev_0116.wav,0,humano,3796,dev,y salieron con el ejército del rey a quitarles a los países de los alrededores la libertad con el pretexto de que les iban a enseñar las verdades de buda que habían venido del cielo,8.0
data\synthetic\audio_cache\real_dev\dev_0117.wav,0,humano,10367,dev,no se pondrá jamás tu sol ni menguará tu luna porque te será jehová por luz perpetua y los días de tu luto serán acabados y tu pueblo todos ellos serán justos para siempre heredarán la tierra,8.0
data\synthetic\audio_cache\real_dev\dev_0118.wav,0,humano,13257,dev,o sin aguardar la respuesta qué es lo que trae a los croft vienen por el almirante creen que padece de gota gota y decrepitud dijo sir,8.0
data\synthetic\audio_cache\real_dev\dev_0119.wav,0,humano,10367,dev,y mamarás la leche de las gentes y el pecho de los reyes mamarás y conocerás que yo jehová soy el salvador tuyo y redentor tuyo el fuerte de jacob,8.0
data\synthetic\audio_cache\mms\mms_0000.wav,1,mms,mms,sintetico,"¿Quieres un trabajo desde casa con salario de 1.800€? Para confirmar, debes hacer un depósito de 200€. Más detalles:",13.81
data\synthetic\audio_cache\mms\mms_0001.wav,1,mms,mms,sintetico,Tu envío está listo para ser entregado el día de mañana. Consulta tu estado en la app Caja,7.56
data\synthetic\audio_cache\mms\mms_0002.wav,1,mms,mms,sintetico,"Su cuenta bancaria ha sido afectada. Para recuperar su dinero invertido, abone 600€ de tarifa de recuperación. Vaya al",12.56
data\synthetic\audio_cache\mms\mms_0003.wav,1,mms,mms,sintetico,"Estimado cliente, le recordamos que el BancoSur no solicita información de seguridad por correo electrónico. Adjunta el",10.74
data\synthetic\audio_cache\mms\mms_0004.wav,1,mms,mms,sintetico,"He visto un anuncio en *Voy a Ver* sobre un viaje a la montaña. Si te interesa, podemos",7.7
data\synthetic\audio_cache\mms\mms_0005.wav,1,mms,mms,sintetico,y no con intención de ofenderle y si ha salido al revés dios está en el cielo que juzga los corazones así es la verdad,9.26
data\synthetic\audio_cache\mms\mms_0006.wav,1,mms,mms,sintetico,"¡Por favor, pague ahora mismo el importe de 250 € que le debe a la compañía de la luz, si no lo hace nos veremos",9.87
data\synthetic\audio_cache\mms\mms_0007.wav,1,mms,mms,sintetico,"Sorteo de SuperMega: tu código es 45678. Para reclamar tu premio de 1200€, visita este sitio:",10.3
data\synthetic\audio_cache\mms\mms_0008.wav,1,mms,mms,sintetico,y estando hecho y no de otra manera pueda imprimir el dicho principio y primer pliego y sucesivamente ponga esta,8.25
data\synthetic\audio_cache\mms\mms_0009.wav,1,mms,mms,sintetico,"Mejor lo aceptas ahora. Si no, se lo enviaré a otro vendedor. Soy de 'Caja Levante', es",9.13
data\synthetic\audio_cache\mms\mms_0010.wav,1,mms,mms,sintetico,Alguien intentó robarme datos diciéndose de una empresa de envíos. Le dije que no era mi empresa y lo,10.02
data\synthetic\audio_cache\mms\mms_0011.wav,1,mms,mms,sintetico,¡Invierte 500€ y recibe 5000€ en 30 días! El sistema de inteligencia artificial de CriptoFuturo te dará ganancias,12.37
data\synthetic\audio_cache\mms\mms_0012.wav,1,mms,mms,sintetico,acabó la copla disparó una flecha por lo alto del castillo y retiróse a su puesto salió luego el interés y hizo otras,10.65
data\synthetic\audio_cache\mms\mms_0013.wav,1,mms,mms,sintetico,llegara i la mayor edad si era una niña debia disfrutar de su parte sin restriccion alguna pero si al contrario era uu,11.83
data\synthetic\audio_cache\mms\mms_0014.wav,1,mms,mms,sintetico,en estremo contento ufano y vanaglorioso iba don quijote por haber alcanzado vitoria de tan valiente caballero como él,8.87
data\synthetic\audio_cache\mms\mms_0015.wav,1,mms,mms,sintetico,¿Sabes si el nuevo iPhone de papá ya está,4.22
data\synthetic\audio_cache\mms\mms_0016.wav,1,mms,mms,sintetico,a la cabeza a los dos y un momento después surgían de un recodo de la picada el capataz y tres peones corriendo la,9.93
data\synthetic\audio_cache\mms\mms_0017.wav,1,mms,mms,sintetico,¡Hasta 1500€ diarios con criptomonedas! BancoSur garantiza 100% de beneficio. ¡Inscríbete ahora en el nuevo plan de,11.33
data\synthetic\audio_cache\mms\mms_0018.wav,1,mms,mms,sintetico,"El Banco nos ha contactado para verificar su identidad. Para evitar que se active un bloqueo, diga el código SMS que le",8.74
data\synthetic\audio_cache\mms\mms_0019.wav,1,mms,mms,sintetico,jadeantes se tienden las pasiones á dormir á tu sombra bienhechora en tu divina escuela neta y desnuda y sin extraño,10.03
data\synthetic\audio_cache\mms\mms_0020.wav,1,mms,mms,sintetico,y mi hija que a lo que yo creo atendía a ser más cristiana que enamorada no se curaría de las solicitudes de ese señor,9.74
data\synthetic\audio_cache\mms\mms_0021.wav,1,mms,mms,sintetico,"Estimado cliente, de EnvíaYa le recordamos que tiene una reunión programada para el lunes en la oficina de Bilbao. No",8.47
data\synthetic\audio_cache\mms\mms_0022.wav,1,mms,mms,sintetico,Tu operación ha sido denegada. Necesitas mover el dinero a una cuenta segura para evitar que te roben. El importe es,10.86
data\synthetic\audio_cache\mms\mms_0023.wav,1,mms,mms,sintetico,Caja Levante le informa que el extracto de su cuenta se ha enviado correctamente. Puede revisarlo en su área de,9.0
data\synthetic\audio_cache\mms\mms_0024.wav,1,mms,mms,sintetico,los pies se le hundían en mullida alfombra por orden de santiago dos criados le despojaron inmediatamente de sus,9.77
data\synthetic\audio_cache\mms\mms_0025.wav,1,mms,mms,sintetico,dijo el duque a sancho que se adeliñase y compusiese para ir a ser gobernador que ya sus insulanos le estaban esperando,8.92
data\synthetic\audio_cache\mms\mms_0026.wav,1,mms,mms,sintetico,¡Pague su multa de 120€ antes del 20/10 o perderá 300€! Acceda a [multasrapid.es]. DGT - Oficina de,14.13
data\synthetic\audio_cache\mms\mms_0027.wav,1,mms,mms,sintetico,"¿Sabes que tienes un trabajo remoto con sueldo de 2.000€/mes? Debes transferir 200€ primero. No lo hagas con tu banco,",11.58
data\synthetic\audio_cache\mms\mms_0028.wav,1,mms,mms,sintetico,Hoy me han llamado desde BancoSur diciendo que hay un problema con mi cuenta. Les he dicho que no me puede llamar nadie,8.52
data\synthetic\audio_cache\mms\mms_0029.wav,1,mms,mms,sintetico,animados más con la esperanza de apurar las comprometidas botellas que con el deseo de conocer la maravillosa escultura,8.84
data\synthetic\audio_cache\mms\mms_0030.wav,1,mms,mms,sintetico,Su cuenta en Caja Levante ha sido comprometida. Debe confirmar el acceso en 10 minutos o se bloqueará permanentemente.,10.92
data\synthetic\audio_cache\mms\mms_0031.wav,1,mms,mms,sintetico,⚠️ Atención: Se ha detectado actividad sospechosa en su cuenta de Caja Levante. Confirme su identidad antes de las 24h,11.05
data\synthetic\audio_cache\mms\mms_0032.wav,1,mms,mms,sintetico,pero con todo esto sería bien sancho que me vuelvas a curar esta oreja que me va doliendo más de lo que es,7.24
data\synthetic\audio_cache\mms\mms_0033.wav,1,mms,mms,sintetico,¡Hola! Mi hermano te ha dado mi número para que me ayudes con un código que me han enviado por SMS. ¿Puedes pasármelo?,10.4
data\synthetic\audio_cache\mms\mms_0034.wav,1,mms,mms,sintetico,"Tengo un envío para usted con el número 123456, espero que no haya problemas para",7.9
data\synthetic\audio_cache\mms\mms_0035.wav,1,mms,mms,sintetico,pero si iba adelante no ganaba un cuarto porque los transeúntes no podían escucharle sin embargo juan marchaba marchaba,9.16
data\synthetic\audio_cache\mms\mms_0036.wav,1,mms,mms,sintetico,¡Sorpresa! *SuperFarma* te ha elegido para ganar un electrodoméstico de 250€. Solo falta pagar 50€ a,11.87
data\synthetic\audio_cache\mms\mms_0037.wav,1,mms,mms,sintetico,Su pensión se suspenderá si no actualiza sus datos. Pulse aquí: [www.sseguridadsocial.es]. Importante: este es un,12.13
data\synthetic\audio_cache\mms\mms_0038.wav,1,mms,mms,sintetico,tendiéronse en el suelo y haciendo manteles de las hierbas pusieron sobre ellas pan sal cuchillos nueces rajas de queso,8.06
data\synthetic\audio_cache\mms\mms_0039.wav,1,mms,mms,sintetico,así se entiende respondió el de los espejos ofreciéronsele en esto a la vista de don quijote las extrañas narices del,10.39
data\synthetic\audio_cache\mms\mms_0040.wav,1,mms,mms,sintetico,¡Ganaste 500€ en el sorteo de **Supermercados Rápido**! Solo debes pagar 25€ de envío en,10.58
data\synthetic\audio_cache\mms\mms_0041.wav,1,mms,mms,sintetico,no piense vuesa merced señora duquesa que ha dicho mucho dijo sancho que yo he visto ir más de dos asnos a los,7.88
data\synthetic\audio_cache\mms\mms_0042.wav,1,mms,mms,sintetico,"Hola, soy del soporte técnico de BancoSur. Hay un cargo de 200 euros en tu cuenta que no reconoces. Para anularlo,",11.53
data\synthetic\audio_cache\mms\mms_0043.wav,1,mms,mms,sintetico,y para mi santiguada que no me han de echar dado falso soy perro viejo y entiendo todo tus tus y sé despabilarme a sus,10.09
data\synthetic\audio_cache\mms\mms_0044.wav,1,mms,mms,sintetico,"Operación no autorizada en EnvíaYa. Para evitar problemas, confirma tu identidad en https://enviayapay.com/verificar.",9.54
data\synthetic\audio_cache\mms\mms_0045.wav,1,mms,mms,sintetico,"¿Te apetece cenar este sábado? Me parece bien si quieres venir a mi casa, tengo algo de marisco en la",8.63
data\synthetic\audio_cache\mms\mms_0046.wav,1,mms,mms,sintetico,capítulo treinta y tres de la sabrosa plática que la duquesa y sus doncellas pasaron con sancho panza digna de que se,10.11
data\synthetic\audio_cache\mms\mms_0047.wav,1,mms,mms,sintetico,que hoy por ti y mañana por mí y en estas cosas de encuentros y porrazos no hay tomarles tiento alguno pues el que hoy,7.93
data\synthetic\audio_cache\mms\mms_0048.wav,1,mms,mms,sintetico,"Tengo un mensaje para ti, cliente de Caja Levante, recordándote que tienes una cita pendiente en la sucursal de",7.34
data\synthetic\audio_cache\mms\mms_0049.wav,1,mms,mms,sintetico,"Mamá, ¿cómo va el presupuesto? Por si quieres ajustar algo antes de pasar a la",6.74
data\synthetic\audio_cache\mms\mms_0050.wav,1,mms,mms,sintetico,paró el coche al fin un criado vino a abrir la portezuela llevaron a juan casi en volandas hasta su casa al entrar,9.27
data\synthetic\audio_cache\mms\mms_0051.wav,1,mms,mms,sintetico,testimonio de las erratas este libro no tiene cosa digna de notar que no corresponda a su original en testimonio de lo,8.7
data\synthetic\audio_cache\mms\mms_0052.wav,1,mms,mms,sintetico,esa prueba es muy linda y yo nunca podré hacer eso entonces te como exclamó la culebra un momento yo no puedo hacer eso,10.28
data\synthetic\audio_cache\mms\mms_0053.wav,1,mms,mms,sintetico,pronto volvió a unírseles triunfante por supuesto la señora de dalrymple tendría mucho gusto en llevarles a casa y,9.98
data\synthetic\audio_cache\mms\mms_0054.wav,1,mms,mms,sintetico,Tu envío de 85€ en EnvíaYa ha sido procesado. Código de confirmación: 9S2D4Q. Guarda este,10.81
data\synthetic\audio_cache\mms\mms_0055.wav,1,mms,mms,sintetico,cuando era caballero andante atrevido y valiente con mis obras y con mis manos acreditaba mis hechos y agora cuando soy,9.64
data\synthetic\audio_cache\mms\mms_0056.wav,1,mms,mms,sintetico,Su multa por no llevar cinturón está caducando. Pague sin demora en [www.dgt.es]. El recargo será del 50% si no se paga,14.11
data\synthetic\audio_cache\mms\mms_0057.wav,1,mms,mms,sintetico,Caja Levante ha confirmado la recepción de su pedido número 11223344. La fecha prevista de entrega es el 20 de marzo.,11.12
data\synthetic\audio_cache\mms\mms_0058.wav,1,mms,mms,sintetico,"Quería cambiar la fecha de mi cita del 15 al 17 de este mes, si hay",6.03
data\synthetic\audio_cache\mms\mms_0059.wav,1,mms,mms,sintetico,El paquete con el código 876543 llegará mañana a tu domicilio. Gracias por usar nuestros,10.98
data\synthetic\audio_cache\mms\mms_0060.wav,1,mms,mms,sintetico,"El paquete 45678 ha sido bloqueado por un cargo de 2,95€. Paga en 15 minutos: www.enviayapaq.com. No te lo",17.53
data\synthetic\audio_cache\mms\mms_0061.wav,1,mms,mms,sintetico,"Estoy en el *Carrefour* esperando. Por favor, acepta el Bizum de 200€ para poder recoger el",9.01
data\synthetic\audio_cache\mms\mms_0062.wav,1,mms,mms,sintetico,¿Trabajas desde casa? Únete a **ProyectosVIP**. Solo necesitas un pago de 200€ para comenzar. ¡Actúa ahora o perderás,13.42
data\synthetic\audio_cache\mms\mms_0063.wav,1,mms,mms,sintetico,"Hola, soy del BancoSur, tenemos un problema con tu cuenta, necesitamos que instales AnyDesk para resolverlo. Tu clave",11.68
data\synthetic\audio_cache\mms\mms_0064.wav,1,mms,mms,sintetico,¡Invierte 100€ y gana 1000€ en 30 días! BancoSur te da garantías 100% de rentabilidad. ¡No dejes de aprovechar esta,11.98
data\synthetic\audio_cache\mms\mms_0065.wav,1,mms,mms,sintetico,"Su cuenta en Caja Levante ha sido accedida sin autorización. Por favor, confirme su identidad antes de las 24h:",9.22
data\synthetic\audio_cache\mms\mms_0066.wav,1,mms,mms,sintetico,"No me dejes colgado, soy un comprador serio. Acepta el Bizum de",6.82
data\synthetic\audio_cache\mms\mms_0067.wav,1,mms,mms,sintetico,y es esto tan así que me acuerdo yo que me decía una mi abuela de partes de mi padre cuando veía alguna dueña con tocas,8.87
data\synthetic\audio_cache\mms\mms_0068.wav,1,mms,mms,sintetico,tregua a los sentimientos voy a hacer lo posible para contenerme replicó monsieur bumble cómo va de salud caballero,9.5
data\synthetic\audio_cache\mms\mms_0069.wav,1,mms,mms,sintetico,Su pensión no se cobrará si no confirma datos. Actualice: https://seguridad-social.es. Llamada urgente:,11.91
data\synthetic\audio_cache\mms\mms_0070.wav,1,mms,mms,sintetico,visto lo cual por su amiga tomó asiento al lado y la instó con mucha viveza para que le contase lo que la ponía tan,9.26
data\synthetic\audio_cache\mms\mms_0071.wav,1,mms,mms,sintetico,ATENCIÓN: Su multa por exceso de velocidad está pendiente. Pague ahora en [www.multa.dgt.es] para evitar recargo. No,12.39
data\synthetic\audio_cache\mms\mms_0072.wav,1,mms,mms,sintetico,mientras podeley más juicioso insistía en un traje de paño posiblemente pagaron muy cara una cuenta entreoída y abonada,10.78
data\synthetic\audio_cache\mms\mms_0073.wav,1,mms,mms,sintetico,un dolor agudo nacía de los dos puntitos violeta y comenzaba a invadir todo el pie apresuradamente se ligó el tobillo,12.41
data\synthetic\audio_cache\mms\mms_0074.wav,1,mms,mms,sintetico,y aunque no sean cordales como sean muelas no importa y a lo que dijere el gobernador no hay que replicar como al,7.66
data\synthetic\audio_cache\mms\mms_0075.wav,1,mms,mms,sintetico,calculó que antes de tres horas estaría en tacurú pucú el bienestar avanzaba y con él una somnolencia llena de,9.48
data\synthetic\audio_cache\mms\mms_0076.wav,1,mms,mms,sintetico,¡Urgente! Su suscripción a [EnvíaYa] ha sido suspendida. Debe actualizar la tarjeta de crédito antes de que se pierda,11.39
data\synthetic\audio_cache\mms\mms_0077.wav,1,mms,mms,sintetico,"Me han llamado desde un número que decía ser de EnvíaYa, me dijeron que había un problema con un envío y que debía",7.27
data\synthetic\audio_cache\mms\mms_0078.wav,1,mms,mms,sintetico,el descanso absoluto a que se entregó por tres días bálsamo específico para el mensú por lo inesperado no hizo sino,9.47
data\synthetic\audio_cache\mms\mms_0079.wav,1,mms,mms,sintetico,Hace poco recibí un mensaje que decía que mi cuenta bancaria había sido bloqueada por un error. Me avisaron de un,9.78
data\synthetic\audio_cache\mms\mms_0080.wav,1,mms,mms,sintetico,Su envío no ha sido entregado. Reprogamelo en este enlace:,6.4
data\synthetic\audio_cache\mms\mms_0081.wav,1,mms,mms,sintetico,Su multa por exceso de velocidad es válida. Abone ahora en [multa.dgt.es] para evitar recargo del 40%. No responda si,12.62
data\synthetic\audio_cache\mms\mms_0082.wav,1,mms,mms,sintetico,"Hoy me han enviado el recibo de BancoSur, ya lo tengo todo",4.89
data\synthetic\audio_cache\mms\mms_0083.wav,1,mms,mms,sintetico,Su cuenta en Caja Levante fue hackeada. Pague 1.000€ para evitar sanciones. Más detalles en: recuperar-dinero.net. No,14.02
data\synthetic\audio_cache\mms\mms_0084.wav,1,mms,mms,sintetico,cayé pues construyó solo la jangada diez tacuaras atadas longitudinalmente con lianas llevando en cada extremo una,7.93
data\synthetic\audio_cache\mms\mms_0085.wav,1,mms,mms,sintetico,pero notó que era hombre membrudo y no muy alto de cuerpo sobre las armas traía una sobrevista o casaca de una tela al,8.2
data\synthetic\audio_cache\mms\mms_0086.wav,1,mms,mms,sintetico,"¡Papá! Es un nuevo número porque me lo robaron, tengo que hacer una transferencia a un amigo para poder seguir, por",8.93
data\synthetic\audio_cache\mms\mms_0087.wav,1,mms,mms,sintetico,y digo que con esto que decía se hicieron su padre y sus amigos que le daban crédito muy ricos porque hacían lo que él,8.57
data\synthetic\audio_cache\mms\mms_0088.wav,1,mms,mms,sintetico,que no quiero conténtate que por mí no serás descubierto y prosigue en buena hora tu camino y déjame seguir el mío que,9.05
data\synthetic\audio_cache\mms\mms_0089.wav,1,mms,mms,sintetico,"Acepta el Bizum, es urgente. Soy de *EnvíaYa*. El dinero está en la cuenta de",7.85
data\synthetic\audio_cache\mms\mms_0090.wav,1,mms,mms,sintetico,"Caja Levante le notifica que ha tenido una operación de 150€ el pasado viernes. Para su tranquilidad, el banco nunca",11.97
data\synthetic\audio_cache\mms\mms_0091.wav,1,mms,mms,sintetico,Confirmamos la recepción de su pedido número 98765432 el día 5 de marzo. La entrega se realizará mediante EnvíaYa en,11.78
data\synthetic\audio_cache\mms\mms_0092.wav,1,mms,mms,sintetico,ATENCIÓN: Su pensión será suspendida. Actualice datos en [www.seguridadsocial.es](http://www.seguridadsocial.es) o,13.26
data\synthetic\audio_cache\mms\mms_0093.wav,1,mms,mms,sintetico,visto he sus caminos y le sanaré y le pastorearé y daréle consolaciones a él y a sus enlutados crío fruto de labios paz,10.04
data\synthetic\audio_cache\mms\mms_0094.wav,1,mms,mms,sintetico,su rústica mesa y convidaron a los dos con muestras de muy buena voluntad con lo que tenían sentáronse a la redonda de,7.56
data\synthetic\audio_cache\mms\mms_0095.wav,1,mms,mms,sintetico,Su compra con referencia 77889900 ha sido confirmada. La entrega se realizará el 25 de enero. Agradecemos su,12.49
data\synthetic\audio_cache\mms\mms_0096.wav,1,mms,mms,sintetico,de sus aguas sencillas de sus aguas sin ondas en que nacen de noche las estrellas meditando al reflejo que del cielo y,9.26
data\synthetic\audio_cache\mms\mms_0097.wav,1,mms,mms,sintetico,Su cuenta en Caja Levante ha sido accedida. Verifique su identidad en [www.cajalevante.es/seguridad] en 24 horas.,9.68
data\synthetic\audio_cache\mms\mms_0098.wav,1,mms,mms,sintetico,Atención: Su paquete no fue entregado. Debe reprogramar la entrega urgentemente.,8.03
data\synthetic\audio_cache\mms\mms_0099.wav,1,mms,mms,sintetico,Me llamo Roberto Gómez. Quería confirmar si mi cita del viernes a las 16 se puede hacer en otro lugar más,10.02
data\synthetic\audio_cache\mms\mms_0100.wav,1,mms,mms,sintetico,¡Mamá! Es urgente. Me he roto el móvil y no tengo manera de contactar. Puedes hacerme un Bizum de 200€ a este número:,14.62
data\synthetic\audio_cache\mms\mms_0101.wav,1,mms,mms,sintetico,BancoSur le informa que su cita médica en el centro de salud se ha programado para el jueves 25 a las 14:00. Le,10.31
data\synthetic\audio_cache\mms\mms_0102.wav,1,mms,mms,sintetico,"Aquí está el repartidor, llevo un paquete de una empresa de logística. ¿Lo puede",7.32
data\synthetic\audio_cache\mms\mms_0103.wav,1,mms,mms,sintetico,grabado por rodrigo hinojosa isaías cincuenta y nueve he aquí que no se ha acortado la mano de jehová para salvar ni,9.93
data\synthetic\audio_cache\mms\mms_0104.wav,1,mms,mms,sintetico,con todo esto callaré y no le diré nada por ver si salgo verdadero en sospechar que no ha de tener efecto la diligencia,8.67
data\synthetic\audio_cache\mms\mms_0105.wav,1,mms,mms,sintetico,¡Atención! Su cuenta en una entidad bancaria ha sido violada. Debe transferir los ahorros a una cuenta segura. El,11.69
data\synthetic\audio_cache\mms\mms_0106.wav,1,mms,mms,sintetico,Supermercados Río de Janeiro: 10 euros de descuento en tu primera compra si te registras en la app antes del 31 de,10.53
data\synthetic\audio_cache\mms\mms_0107.wav,1,mms,mms,sintetico,y qué dice qué dice si dijera lo que decís que dice no diría lo que queréis que diga y al decirlo no le,7.71
data\synthetic\audio_cache\mms\mms_0108.wav,1,mms,mms,sintetico,Cita médica en el centro de salud San Miguel el próximo miércoles 25 de abril a las 14:00. Asegúrese de,9.72
data\synthetic\audio_cache\mms\mms_0109.wav,1,mms,mms,sintetico,¡No te dejes engañar! El famoso X no está involucrado en [BancoSur]. Es un fraude. ¡Llame al 911 222,13.35
data\synthetic\audio_cache\mms\mms_0110.wav,1,mms,mms,sintetico,desgraciado si no encuentras gracia oh si el juez soberano tan solo justicia te diera justicia tan solo esas son,11.88
data\synthetic\audio_cache\mms\mms_0111.wav,1,mms,mms,sintetico,"Estamos revisando tu historial de transacciones en EnvíaYa. Hay un cargo de 50 euros que no reconoces. Para resolverlo,",10.57
data\synthetic\audio_cache\mms\mms_0112.wav,1,mms,mms,sintetico,"Buenos días, soy de BancoSur y quería recordarte que tienes una cita programada en nuestra oficina el viernes a las",8.22
data\synthetic\audio_cache\mms\mms_0113.wav,1,mms,mms,sintetico,"Le queremos informar que su cuenta en EnvíaYa ha sido comprometida. Para protegerla, necesitamos el código SMS que le",8.96
data\synthetic\audio_cache\mms\mms_0114.wav,1,mms,mms,sintetico,El paquete que enviaste será entregado mañana. Consulta en la web de EnvíaYa para más,7.17
data\synthetic\audio_cache\mms\mms_0115.wav,1,mms,mms,sintetico,"Hola, soy de la web *BuenCompra*. ¿Has visto mi anuncio de *iPhone 13*? ¿Quieres hacer el pago por",9.23
data\synthetic\audio_cache\mms\mms_0116.wav,1,mms,mms,sintetico,"Tu nombre aparece en el sorteo de BancoSur. Para recibir tu premio, haz clic en el siguiente enlace:",8.58
data\synthetic\audio_cache\mms\mms_0117.wav,1,mms,mms,sintetico,Recuerde que su cita médica en el centro de salud es el viernes 19 a las 09:00. Asegúrese de llevar su documento de,9.43
data\synthetic\audio_cache\mms\mms_0118.wav,1,mms,mms,sintetico,"BancoSur le informa de un acceso no autorizado. Para evitar riesgos, confirme su identidad en:",7.19
data\synthetic\audio_cache\mms\mms_0119.wav,1,mms,mms,sintetico,¡Gracias por aplicar! Te ofrecemos 2.500€/mes desde casa. Solo necesitamos 400€ de garantía. Paga ahora:,13.64
data\synthetic\audio_cache\mms\mms_0120.wav,1,mms,mms,sintetico,ha de saber hermano que tienen por costumbre los peleantes de la andalucía cuando son padrinos de alguna pendencia no,9.1
data\synthetic\audio_cache\mms\mms_0121.wav,1,mms,mms,sintetico,"Caja Levante: Tu envío con código 789012 no llegó. Por favor reprograma: https://bit.ly/entrega2024
No te preocupes, es",12.97
data\synthetic\audio_cache\mms\mms_0122.wav,1,mms,mms,sintetico,el rey por cuanto por parte de vos miguel de,4.07
data\synthetic\audio_cache\mms\mms_0123.wav,1,mms,mms,sintetico,El envío de tu producto en EnvíaYa está finalizado. Código: 83621. No lo comparta,10.63
data\synthetic\audio_cache\mms\mms_0124.wav,1,mms,mms,sintetico,corre como un gamo salta más que una cabra y birla a los bolos como por encantamento canta como una calandria y toca,9.11
data\synthetic\audio_cache\mms\mms_0125.wav,1,mms,mms,sintetico,cinco duros si usted nos lleva volando al hotel número diez de la castellana y cogiendo a su hermano en brazos como si,8.71
data\synthetic\audio_cache\mms\mms_0126.wav,1,mms,mms,sintetico,⚠️ Alerta: su pago de 15€ para **CineSur** no ha sido recibido. Debe actualizar sus datos en **cinesur.es** dentro de,11.57
data\synthetic\audio_cache\mms\mms_0127.wav,1,mms,mms,sintetico,"EnvíaYa ha procesado una transacción de 68,50 € en *Supermercados Rápido* el 10 de abril.¿Desea ver el",9.66
data\synthetic\audio_cache\mms\mms_0128.wav,1,mms,mms,sintetico,Se le notifica que su cita en el centro de salud está programada para el viernes 27 de abril a las 09:00. No olvide,9.99
data\synthetic\audio_cache\mms\mms_0129.wav,1,mms,mms,sintetico,La Agencia Tributaria ha confirmado que la declaración de la renta de la empresa EnvíaYa se ha presentado,8.22
data\synthetic\audio_cache\mms\mms_0130.wav,1,mms,mms,sintetico,Tu pedido en SuperOnline está listo. Código de confirmación: 987654. No lo hagas llegar a,12.33
data\synthetic\audio_cache\mms\mms_0131.wav,1,mms,mms,sintetico,te es tenderte del lago del misterio á las orillas fuera del remolino de las formas esclavas del destino y allí hundir,8.59
data\synthetic\audio_cache\mms\mms_0132.wav,1,mms,mms,sintetico,"Se ha registrado una transacción en la tienda online de EnvíaYa por 85,20 euros. El pago fue autorizado el 10 de abril",11.72
data\synthetic\audio_cache\mms\mms_0133.wav,1,mms,mms,sintetico,"Hola, soy del Banco EnvíaYa. Tu cita está programada para el lunes. No hay ninguna urgencia, solo un control rutinario",11.31
data\synthetic\audio_cache\mms\mms_0134.wav,1,mms,mms,sintetico,Recuerda que tienes una cita en el centro de salud de Almería el día 5 de diciembre a las 09:00. Asegúrate de que tu,8.98
data\synthetic\audio_cache\mms\mms_0135.wav,1,mms,mms,sintetico,"¡Hola! Mi abuela te ha dicho que me llames porque necesita un código que le ha llegado por SMS. Es urgente, por favor,",10.27
data\synthetic\audio_cache\mms\mms_0136.wav,1,mms,mms,sintetico,más allá entre tus reproches y honestísimos desvíos tal vez la esperanza muestra la orilla de su,8.73
data\synthetic\audio_cache\mms\mms_0137.wav,1,mms,mms,sintetico,¡Gana con la inteligencia artificial de CriptoFuturo! Invierte 500€ y recibe 5000€ al mes. ¡Oferta exclusiva! Tu dinero,13.11
data\synthetic\audio_cache\mms\mms_0138.wav,1,mms,mms,sintetico,no obstante esta sencillez el trato estuvo a punto de romperse porque a última hora cayé pidió se agregara un metro de,10.15
data\synthetic\audio_cache\mms\mms_0139.wav,1,mms,mms,sintetico,de pronto volvió la cabeza la señora del brazo cómo hablaría ahora de él tú te preguntarás,7.67
data\synthetic\audio_cache\mms\mms_0140.wav,1,mms,mms,sintetico,pero el veinte de abril pasó en vano como todos los demás con la diferencia de que al caer el sol el tiempo se,8.81
data\synthetic\audio_cache\mms\mms_0141.wav,1,mms,mms,sintetico,la razón es porque el arte no se aventaja a la naturaleza sino perfecciónala así que mezcladas la naturaleza y el arte,9.27
data\synthetic\audio_cache\mms\mms_0142.wav,1,mms,mms,sintetico,infinitas gracias doy al cielo sancho amigo de que antes y primero que yo haya encontrado con alguna buena dicha te,9.74
data\synthetic\audio_cache\mms\mms_0143.wav,1,mms,mms,sintetico,Le recordamos que el BancoSur no solicita datos personales por correo. El extracto de su cuenta del mes de octubre ha,10.36
data\synthetic\audio_cache\mms\mms_0144.wav,1,mms,mms,sintetico,los músicos eran los regocijadores de la boda que en diversas cuadrillas por aquel agradable sitio andaban unos,7.77
data\synthetic\audio_cache\mms\mms_0145.wav,1,mms,mms,sintetico,déstos que dicen las gentes que a sus aventuras van si no díganme también que no es verdad que fue caballero andante el,7.13
data\synthetic\audio_cache\mms\mms_0146.wav,1,mms,mms,sintetico,segunda parte del ingenioso caballero don quijote de la mancha por miguel de cervantes saavedra y,6.87
data\synthetic\audio_cache\mms\mms_0147.wav,1,mms,mms,sintetico,¡ADVERTENCIA! Su pensión se detendrá si no actualiza datos. Acceda a [www.sesocial.gov.es](http://www.sesocial.gov.es),12.17
data\synthetic\audio_cache\mms\mms_0148.wav,1,mms,mms,sintetico,Compra finalizada en EnvíaYa por 70€. Código de verificación: 2K8L4M. No lo transmitas a,11.02
data\synthetic\audio_cache\mms\mms_0149.wav,1,mms,mms,sintetico,BancoSur ha autorizado la compra de 50 € en Mercadona el 12 de,6.23
data\synthetic\audio_cache\mms\mms_0150.wav,1,mms,mms,sintetico,"Su envío ha sido retenido por no haber pagado tasas. Abone 6,80€ en el siguiente enlace: www.paqueteriadenombre.com.",14.64
data\synthetic\audio_cache\mms\mms_0151.wav,1,mms,mms,sintetico,⚠️ Su pensión está en riesgo. Haga clic aquí para actualizar: www.pensión-updates.com. No pase por alto esta,11.69
data\synthetic\audio_cache\mms\mms_0152.wav,1,mms,mms,sintetico,y después de pronunciar estas palabras se sintió un poco mejor y marchó o más propiamente se arrastró hasta la plaza de,10.38
data\synthetic\audio_cache\mms\mms_0153.wav,1,mms,mms,sintetico,"¡Hola! Llamamos porque su factura de la luz se encuentra vencida. Si no paga ya con tarjeta, le cortamos el suministro.",11.93
data\synthetic\audio_cache\mms\mms_0154.wav,1,mms,mms,sintetico,hablando en falsete y haciendo tantas y tantas graciosas muecas que juan al notarlo no pudo menos de reírse exclamando,10.07
data\synthetic\audio_cache\mms\mms_0155.wav,1,mms,mms,sintetico,tenía en poco a los encantos y a los encantadores no se acordaba de los innumerables palos que en el discurso de sus,8.49
data\synthetic\audio_cache\mms\mms_0156.wav,1,mms,mms,sintetico,y con un agudo venablo en las manos se puso en un puesto por donde ella sabía que solían venir algunos jabalíes apeóse,9.61
data\synthetic\audio_cache\mms\mms_0157.wav,1,mms,mms,sintetico,¡ADVERTENCIA! Su pensión está en riesgo. Ingrese a [http://seg-social.es] para actualizar sus datos. ¡No responda a,10.92
data\synthetic\audio_cache\mms\mms_0158.wav,1,mms,mms,sintetico,"Hola, soy del Banco Sur. Te informo que tienes una cita programada en la oficina para el viernes a las 10:00. Por",9.12
data\synthetic\audio_cache\mms\mms_0159.wav,1,mms,mms,sintetico,Quería confirmar que la nueva cita está programada para el viernes a las 16:30. ¿Es,7.2
data\synthetic\audio_cache\bark\bark_0000.wav,1,bark,v2/es_speaker_0,sintetico,"¿Quieres un trabajo desde casa con salario de 1.800€? Para confirmar, debes hacer un depósito de 200€. Más detalles:",10.96
data\synthetic\audio_cache\bark\bark_0001.wav,1,bark,v2/es_speaker_1,sintetico,Tu envío está listo para ser entregado el día de mañana. Consulta tu estado en la app Caja,8.35
data\synthetic\audio_cache\bark\bark_0002.wav,1,bark,v2/es_speaker_2,sintetico,"Su cuenta bancaria ha sido afectada. Para recuperar su dinero invertido, abone 600€ de tarifa de recuperación. Vaya al",9.75
data\synthetic\audio_cache\bark\bark_0003.wav,1,bark,v2/es_speaker_3,sintetico,"Estimado cliente, le recordamos que el BancoSur no solicita información de seguridad por correo electrónico. Adjunta el",8.37
data\synthetic\audio_cache\bark\bark_0004.wav,1,bark,v2/es_speaker_4,sintetico,"He visto un anuncio en *Voy a Ver* sobre un viaje a la montaña. Si te interesa, podemos",11.41
data\synthetic\audio_cache\bark\bark_0005.wav,1,bark,v2/es_speaker_5,sintetico,y no con intención de ofenderle y si ha salido al revés dios está en el cielo que juzga los corazones así es la verdad,13.13
data\synthetic\audio_cache\bark\bark_0006.wav,1,bark,v2/es_speaker_6,sintetico,"¡Por favor, pague ahora mismo el importe de 250 € que le debe a la compañía de la luz, si no lo hace nos veremos",7.97
data\synthetic\audio_cache\bark\bark_0007.wav,1,bark,v2/es_speaker_7,sintetico,"Sorteo de SuperMega: tu código es 45678. Para reclamar tu premio de 1200€, visita este sitio:",11.45
data\synthetic\audio_cache\bark\bark_0008.wav,1,bark,v2/es_speaker_8,sintetico,y estando hecho y no de otra manera pueda imprimir el dicho principio y primer pliego y sucesivamente ponga esta,8.13
data\synthetic\audio_cache\bark\bark_0009.wav,1,bark,v2/es_speaker_9,sintetico,"Mejor lo aceptas ahora. Si no, se lo enviaré a otro vendedor. Soy de 'Caja Levante', es",13.16
data\synthetic\audio_cache\bark\bark_0010.wav,1,bark,v2/es_speaker_0,sintetico,Alguien intentó robarme datos diciéndose de una empresa de envíos. Le dije que no era mi empresa y lo,6.35
data\synthetic\audio_cache\bark\bark_0011.wav,1,bark,v2/es_speaker_1,sintetico,¡Invierte 500€ y recibe 5000€ en 30 días! El sistema de inteligencia artificial de CriptoFuturo te dará ganancias,11.48
data\synthetic\audio_cache\bark\bark_0012.wav,1,bark,v2/es_speaker_2,sintetico,acabó la copla disparó una flecha por lo alto del castillo y retiróse a su puesto salió luego el interés y hizo otras,9.15
data\synthetic\audio_cache\bark\bark_0013.wav,1,bark,v2/es_speaker_3,sintetico,llegara i la mayor edad si era una niña debia disfrutar de su parte sin restriccion alguna pero si al contrario era uu,9.73
data\synthetic\audio_cache\bark\bark_0014.wav,1,bark,v2/es_speaker_4,sintetico,en estremo contento ufano y vanaglorioso iba don quijote por haber alcanzado vitoria de tan valiente caballero como él,8.47
data\synthetic\audio_cache\bark\bark_0015.wav,1,bark,v2/es_speaker_5,sintetico,¿Sabes si el nuevo iPhone de papá ya está,3.55
data\synthetic\audio_cache\bark\bark_0016.wav,1,bark,v2/es_speaker_6,sintetico,a la cabeza a los dos y un momento después surgían de un recodo de la picada el capataz y tres peones corriendo la,9.77
data\synthetic\audio_cache\bark\bark_0017.wav,1,bark,v2/es_speaker_7,sintetico,¡Hasta 1500€ diarios con criptomonedas! BancoSur garantiza 100% de beneficio. ¡Inscríbete ahora en el nuevo plan de,8.39
data\synthetic\audio_cache\bark\bark_0018.wav,1,bark,v2/es_speaker_8,sintetico,"El Banco nos ha contactado para verificar su identidad. Para evitar que se active un bloqueo, diga el código SMS que le",8.83
data\synthetic\audio_cache\bark\bark_0019.wav,1,bark,v2/es_speaker_9,sintetico,jadeantes se tienden las pasiones á dormir á tu sombra bienhechora en tu divina escuela neta y desnuda y sin extraño,13.68
data\synthetic\audio_cache\bark\bark_0020.wav,1,bark,v2/es_speaker_0,sintetico,y mi hija que a lo que yo creo atendía a ser más cristiana que enamorada no se curaría de las solicitudes de ese señor,9.37
data\synthetic\audio_cache\bark\bark_0021.wav,1,bark,v2/es_speaker_1,sintetico,"Estimado cliente, de EnvíaYa le recordamos que tiene una reunión programada para el lunes en la oficina de Bilbao. No",8.79
data\synthetic\audio_cache\bark\bark_0022.wav,1,bark,v2/es_speaker_2,sintetico,Tu operación ha sido denegada. Necesitas mover el dinero a una cuenta segura para evitar que te roben. El importe es,9.13
data\synthetic\audio_cache\bark\bark_0023.wav,1,bark,v2/es_speaker_3,sintetico,Caja Levante le informa que el extracto de su cuenta se ha enviado correctamente. Puede revisarlo en su área de,6.71
data\synthetic\audio_cache\bark\bark_0024.wav,1,bark,v2/es_speaker_4,sintetico,los pies se le hundían en mullida alfombra por orden de santiago dos criados le despojaron inmediatamente de sus,6.99
data\synthetic\audio_cache\bark\bark_0025.wav,1,bark,v2/es_speaker_5,sintetico,dijo el duque a sancho que se adeliñase y compusiese para ir a ser gobernador que ya sus insulanos le estaban esperando,9.75
data\synthetic\audio_cache\bark\bark_0026.wav,1,bark,v2/es_speaker_6,sintetico,¡Pague su multa de 120€ antes del 20/10 o perderá 300€! Acceda a [multasrapid.es]. DGT - Oficina de,10.49
data\synthetic\audio_cache\bark\bark_0027.wav,1,bark,v2/es_speaker_7,sintetico,"¿Sabes que tienes un trabajo remoto con sueldo de 2.000€/mes? Debes transferir 200€ primero. No lo hagas con tu banco,",8.67
data\synthetic\audio_cache\bark\bark_0028.wav,1,bark,v2/es_speaker_8,sintetico,Hoy me han llamado desde BancoSur diciendo que hay un problema con mi cuenta. Les he dicho que no me puede llamar nadie,7.47
data\synthetic\audio_cache\bark\bark_0029.wav,1,bark,v2/es_speaker_9,sintetico,animados más con la esperanza de apurar las comprometidas botellas que con el deseo de conocer la maravillosa escultura,13.41
data\synthetic\audio_cache\bark\bark_0030.wav,1,bark,v2/es_speaker_0,sintetico,Su cuenta en Caja Levante ha sido comprometida. Debe confirmar el acceso en 10 minutos o se bloqueará permanentemente.,9.17
data\synthetic\audio_cache\bark\bark_0031.wav,1,bark,v2/es_speaker_1,sintetico,⚠️ Atención: Se ha detectado actividad sospechosa en su cuenta de Caja Levante. Confirme su identidad antes de las 24h,8.99
data\synthetic\audio_cache\bark\bark_0032.wav,1,bark,v2/es_speaker_2,sintetico,pero con todo esto sería bien sancho que me vuelvas a curar esta oreja que me va doliendo más de lo que es,8.83
data\synthetic\audio_cache\bark\bark_0033.wav,1,bark,v2/es_speaker_3,sintetico,¡Hola! Mi hermano te ha dado mi número para que me ayudes con un código que me han enviado por SMS. ¿Puedes pasármelo?,8.43
data\synthetic\audio_cache\bark\bark_0034.wav,1,bark,v2/es_speaker_4,sintetico,"Tengo un envío para usted con el número 123456, espero que no haya problemas para",6.75
data\synthetic\audio_cache\bark\bark_0035.wav,1,bark,v2/es_speaker_5,sintetico,pero si iba adelante no ganaba un cuarto porque los transeúntes no podían escucharle sin embargo juan marchaba marchaba,12.25
data\synthetic\audio_cache\bark\bark_0036.wav,1,bark,v2/es_speaker_6,sintetico,¡Sorpresa! *SuperFarma* te ha elegido para ganar un electrodoméstico de 250€. Solo falta pagar 50€ a,13.56
data\synthetic\audio_cache\bark\bark_0037.wav,1,bark,v2/es_speaker_7,sintetico,Su pensión se suspenderá si no actualiza sus datos. Pulse aquí: [www.sseguridadsocial.es]. Importante: este es un,11.49
data\synthetic\audio_cache\bark\bark_0038.wav,1,bark,v2/es_speaker_8,sintetico,tendiéronse en el suelo y haciendo manteles de las hierbas pusieron sobre ellas pan sal cuchillos nueces rajas de queso,10.17
data\synthetic\audio_cache\bark\bark_0039.wav,1,bark,v2/es_speaker_9,sintetico,así se entiende respondió el de los espejos ofreciéronsele en esto a la vista de don quijote las extrañas narices del,7.35
data\synthetic\audio_cache\bark\bark_0040.wav,1,bark,v2/es_speaker_0,sintetico,¡Ganaste 500€ en el sorteo de **Supermercados Rápido**! Solo debes pagar 25€ de envío en,8.95
data\synthetic\audio_cache\bark\bark_0041.wav,1,bark,v2/es_speaker_1,sintetico,no piense vuesa merced señora duquesa que ha dicho mucho dijo sancho que yo he visto ir más de dos asnos a los,8.51
data\synthetic\audio_cache\bark\bark_0042.wav,1,bark,v2/es_speaker_2,sintetico,"Hola, soy del soporte técnico de BancoSur. Hay un cargo de 200 euros en tu cuenta que no reconoces. Para anularlo,",9.51
data\synthetic\audio_cache\bark\bark_0043.wav,1,bark,v2/es_speaker_3,sintetico,y para mi santiguada que no me han de echar dado falso soy perro viejo y entiendo todo tus tus y sé despabilarme a sus,7.43
data\synthetic\audio_cache\bark\bark_0044.wav,1,bark,v2/es_speaker_4,sintetico,"Operación no autorizada en EnvíaYa. Para evitar problemas, confirma tu identidad en https://enviayapay.com/verificar.",12.25
data\synthetic\audio_cache\bark\bark_0045.wav,1,bark,v2/es_speaker_5,sintetico,"¿Te apetece cenar este sábado? Me parece bien si quieres venir a mi casa, tengo algo de marisco en la",7.39
data\synthetic\audio_cache\bark\bark_0046.wav,1,bark,v2/es_speaker_6,sintetico,capítulo treinta y tres de la sabrosa plática que la duquesa y sus doncellas pasaron con sancho panza digna de que se,14.12
data\synthetic\audio_cache\bark\bark_0047.wav,1,bark,v2/es_speaker_7,sintetico,que hoy por ti y mañana por mí y en estas cosas de encuentros y porrazos no hay tomarles tiento alguno pues el que hoy,8.87
data\synthetic\audio_cache\bark\bark_0048.wav,1,bark,v2/es_speaker_8,sintetico,"Tengo un mensaje para ti, cliente de Caja Levante, recordándote que tienes una cita pendiente en la sucursal de",7.09
data\synthetic\audio_cache\bark\bark_0049.wav,1,bark,v2/es_speaker_9,sintetico,"Mamá, ¿cómo va el presupuesto? Por si quieres ajustar algo antes de pasar a la",5.44
data\synthetic\audio_cache\bark\bark_0050.wav,1,bark,v2/es_speaker_0,sintetico,paró el coche al fin un criado vino a abrir la portezuela llevaron a juan casi en volandas hasta su casa al entrar,8.47
data\synthetic\audio_cache\bark\bark_0051.wav,1,bark,v2/es_speaker_1,sintetico,testimonio de las erratas este libro no tiene cosa digna de notar que no corresponda a su original en testimonio de lo,9.99
data\synthetic\audio_cache\bark\bark_0052.wav,1,bark,v2/es_speaker_2,sintetico,esa prueba es muy linda y yo nunca podré hacer eso entonces te como exclamó la culebra un momento yo no puedo hacer eso,12.89
data\synthetic\audio_cache\bark\bark_0053.wav,1,bark,v2/es_speaker_3,sintetico,pronto volvió a unírseles triunfante por supuesto la señora de dalrymple tendría mucho gusto en llevarles a casa y,11.09
data\synthetic\audio_cache\bark\bark_0054.wav,1,bark,v2/es_speaker_4,sintetico,Tu envío de 85€ en EnvíaYa ha sido procesado. Código de confirmación: 9S2D4Q. Guarda este,10.05
data\synthetic\audio_cache\bark\bark_0055.wav,1,bark,v2/es_speaker_5,sintetico,cuando era caballero andante atrevido y valiente con mis obras y con mis manos acreditaba mis hechos y agora cuando soy,12.37
data\synthetic\audio_cache\bark\bark_0056.wav,1,bark,v2/es_speaker_6,sintetico,Su multa por no llevar cinturón está caducando. Pague sin demora en [www.dgt.es]. El recargo será del 50% si no se paga,13.49
data\synthetic\audio_cache\bark\bark_0057.wav,1,bark,v2/es_speaker_7,sintetico,Caja Levante ha confirmado la recepción de su pedido número 11223344. La fecha prevista de entrega es el 20 de marzo.,9.97
data\synthetic\audio_cache\bark\bark_0058.wav,1,bark,v2/es_speaker_8,sintetico,"Quería cambiar la fecha de mi cita del 15 al 17 de este mes, si hay",5.15
data\synthetic\audio_cache\bark\bark_0059.wav,1,bark,v2/es_speaker_9,sintetico,El paquete con el código 876543 llegará mañana a tu domicilio. Gracias por usar nuestros,12.25
data\synthetic\audio_cache\bark\bark_0060.wav,1,bark,v2/es_speaker_0,sintetico,"El paquete 45678 ha sido bloqueado por un cargo de 2,95€. Paga en 15 minutos: www.enviayapaq.com. No te lo",11.85
data\synthetic\audio_cache\bark\bark_0061.wav,1,bark,v2/es_speaker_1,sintetico,"Estoy en el *Carrefour* esperando. Por favor, acepta el Bizum de 200€ para poder recoger el",8.99
data\synthetic\audio_cache\bark\bark_0062.wav,1,bark,v2/es_speaker_2,sintetico,¿Trabajas desde casa? Únete a **ProyectosVIP**. Solo necesitas un pago de 200€ para comenzar. ¡Actúa ahora o perderás,12.64
data\synthetic\audio_cache\bark\bark_0063.wav,1,bark,v2/es_speaker_3,sintetico,"Hola, soy del BancoSur, tenemos un problema con tu cuenta, necesitamos que instales AnyDesk para resolverlo. Tu clave",11.2
data\synthetic\audio_cache\bark\bark_0064.wav,1,bark,v2/es_speaker_4,sintetico,¡Invierte 100€ y gana 1000€ en 30 días! BancoSur te da garantías 100% de rentabilidad. ¡No dejes de aprovechar esta,10.24
data\synthetic\audio_cache\bark\bark_0065.wav,1,bark,v2/es_speaker_5,sintetico,"Su cuenta en Caja Levante ha sido accedida sin autorización. Por favor, confirme su identidad antes de las 24h:",10.2
data\synthetic\audio_cache\bark\bark_0066.wav,1,bark,v2/es_speaker_6,sintetico,"No me dejes colgado, soy un comprador serio. Acepta el Bizum de",4.64
data\synthetic\audio_cache\bark\bark_0067.wav,1,bark,v2/es_speaker_7,sintetico,y es esto tan así que me acuerdo yo que me decía una mi abuela de partes de mi padre cuando veía alguna dueña con tocas,8.05
data\synthetic\audio_cache\bark\bark_0068.wav,1,bark,v2/es_speaker_8,sintetico,tregua a los sentimientos voy a hacer lo posible para contenerme replicó monsieur bumble cómo va de salud caballero,9.03
data\synthetic\audio_cache\bark\bark_0069.wav,1,bark,v2/es_speaker_9,sintetico,Su pensión no se cobrará si no confirma datos. Actualice: https://seguridad-social.es. Llamada urgente:,9.17
data\synthetic\audio_cache\bark\bark_0070.wav,1,bark,v2/es_speaker_0,sintetico,visto lo cual por su amiga tomó asiento al lado y la instó con mucha viveza para que le contase lo que la ponía tan,5.79
data\synthetic\audio_cache\bark\bark_0071.wav,1,bark,v2/es_speaker_1,sintetico,ATENCIÓN: Su multa por exceso de velocidad está pendiente. Pague ahora en [www.multa.dgt.es] para evitar recargo. No,8.87
data\synthetic\audio_cache\bark\bark_0072.wav,1,bark,v2/es_speaker_2,sintetico,mientras podeley más juicioso insistía en un traje de paño posiblemente pagaron muy cara una cuenta entreoída y abonada,9.41
data\synthetic\audio_cache\bark\bark_0073.wav,1,bark,v2/es_speaker_3,sintetico,un dolor agudo nacía de los dos puntitos violeta y comenzaba a invadir todo el pie apresuradamente se ligó el tobillo,12.0
data\synthetic\audio_cache\bark\bark_0074.wav,1,bark,v2/es_speaker_4,sintetico,y aunque no sean cordales como sean muelas no importa y a lo que dijere el gobernador no hay que replicar como al,12.72
data\synthetic\audio_cache\bark\bark_0075.wav,1,bark,v2/es_speaker_5,sintetico,calculó que antes de tres horas estaría en tacurú pucú el bienestar avanzaba y con él una somnolencia llena de,8.45
data\synthetic\audio_cache\bark\bark_0076.wav,1,bark,v2/es_speaker_6,sintetico,¡Urgente! Su suscripción a [EnvíaYa] ha sido suspendida. Debe actualizar la tarjeta de crédito antes de que se pierda,8.17
data\synthetic\audio_cache\bark\bark_0077.wav,1,bark,v2/es_speaker_7,sintetico,"Me han llamado desde un número que decía ser de EnvíaYa, me dijeron que había un problema con un envío y que debía",6.07
data\synthetic\audio_cache\bark\bark_0078.wav,1,bark,v2/es_speaker_8,sintetico,el descanso absoluto a que se entregó por tres días bálsamo específico para el mensú por lo inesperado no hizo sino,13.55
data\synthetic\audio_cache\bark\bark_0079.wav,1,bark,v2/es_speaker_9,sintetico,Hace poco recibí un mensaje que decía que mi cuenta bancaria había sido bloqueada por un error. Me avisaron de un,6.76
